{
  "properties": {
    "connectionReferences": {
      "shared_sharepointonline_1": {
        "runtimeSource": "invoker",
        "connection": {
          "connectionReferenceLogicalName": "balticpp_SPO_Connection"
        },
        "api": {
          "name": "shared_sharepointonline"
        }
      }
    },
    "definition": {
      "$schema": "https://schema.management.azure.com/providers/Microsoft.Logic/schemas/2016-06-01/workflowdefinition.json#",
      "contentVersion": "1.0.0.0",
      "parameters": {
        "$connections": {
          "defaultValue": {},
          "type": "Object"
        },
        "$authentication": {
          "defaultValue": {},
          "type": "SecureObject"
        },
        "SPO_Site_BPP_URL (balticpp_SPO_Site_BPP_URL)": {
          "defaultValue": "https://powerpdev.sharepoint.com/sites/Demos",
          "type": "String",
          "metadata": {
            "schemaName": "balticpp_SPO_Site_BPP_URL"
          }
        }
      },
      "triggers": {
        "manual": {
          "metadata": {
            "operationMetadataId": "8e70bf78-10d3-41cf-bf92-065ef3292f37"
          },
          "type": "Request",
          "kind": "Button",
          "inputs": {
            "schema": {
              "type": "object",
              "properties": {},
              "required": []
            }
          }
        }
      },
      "actions": {
        "varListSchema": {
          "runAfter": {},
          "metadata": {
            "operationMetadataId": "7b868d67-d211-4d2a-9619-7552e1798aba"
          },
          "type": "InitializeVariable",
          "inputs": {
            "variables": [
              {
                "name": "varListSchema",
                "type": "object",
                "value": {
                  "actions": [
                    {
                      "verb": "createSPList",
                      "listName": "Wnioski",
                      "templateType": 100,
                      "color": "10",
                      "icon": "7",
                      "subactions": [
                        {
                          "verb": "addSPFieldXml",
                          "schemaXml": "<Field ID=\"{fa564e0f-0c70-4ab9-b863-0177e6ddd247}\" Type=\"Text\" Name=\"Title\" DisplayName=\"Title\" Required=\"TRUE\" SourceID=\"http://schemas.microsoft.com/sharepoint/v3\" StaticName=\"Title\" FromBaseType=\"TRUE\" MaxLength=\"255\" />"
                        },
                        {
                          "verb": "addSPFieldXml",
                          "schemaXml": "<Field CustomFormatter=\"{&quot;elmType&quot;:&quot;div&quot;,&quot;style&quot;:{&quot;flex-wrap&quot;:&quot;wrap&quot;,&quot;display&quot;:&quot;flex&quot;},&quot;children&quot;:[{&quot;elmType&quot;:&quot;div&quot;,&quot;style&quot;:{&quot;box-sizing&quot;:&quot;border-box&quot;,&quot;padding&quot;:&quot;4px 8px 5px 8px&quot;,&quot;overflow&quot;:&quot;hidden&quot;,&quot;text-overflow&quot;:&quot;ellipsis&quot;,&quot;display&quot;:&quot;flex&quot;,&quot;border-radius&quot;:&quot;16px&quot;,&quot;height&quot;:&quot;24px&quot;,&quot;align-items&quot;:&quot;center&quot;,&quot;white-space&quot;:&quot;nowrap&quot;,&quot;margin&quot;:&quot;4px 4px 4px 4px&quot;},&quot;attributes&quot;:{&quot;class&quot;:{&quot;operator&quot;:&quot;:&quot;,&quot;operands&quot;:[{&quot;operator&quot;:&quot;==&quot;,&quot;operands&quot;:[&quot;@currentField&quot;,&quot;Próg 1&quot;]},&quot;sp-css-backgroundColor-BgCornflowerBlue sp-field-fontSizeSmall sp-css-color-CornflowerBlueFont&quot;,{&quot;operator&quot;:&quot;:&quot;,&quot;operands&quot;:[{&quot;operator&quot;:&quot;==&quot;,&quot;operands&quot;:[&quot;@currentField&quot;,&quot;Próg 2&quot;]},&quot;sp-css-backgroundColor-BgMintGreen sp-field-fontSizeSmall sp-css-color-MintGreenFont&quot;,{&quot;operator&quot;:&quot;:&quot;,&quot;operands&quot;:[{&quot;operator&quot;:&quot;==&quot;,&quot;operands&quot;:[&quot;@currentField&quot;,&quot;&quot;]},&quot;&quot;,&quot;sp-field-borderAllRegular sp-field-borderAllSolid sp-css-borderColor-neutralSecondary&quot;]}]}]}},&quot;txtContent&quot;:&quot;@currentField&quot;}],&quot;templateId&quot;:&quot;BgColorChoicePill&quot;}\" DisplayName=\"Progi\" FillInChoice=\"FALSE\" Format=\"Dropdown\" IsModern=\"TRUE\" Name=\"Progi\" Title=\"Progi\" Type=\"Choice\" ID=\"{eb07f40c-117b-412a-a13a-f16bda752b30}\" StaticName=\"Progi\"><CHOICES><CHOICE>Próg 1</CHOICE><CHOICE>Próg 2</CHOICE></CHOICES></Field>"
                        },
                        {
                          "verb": "addSPFieldXml",
                          "schemaXml": "<Field ClientSideComponentId=\"00000000-0000-0000-0000-000000000000\" CustomFormatter=\"{&quot;elmType&quot;:&quot;div&quot;,&quot;style&quot;:{&quot;flex-wrap&quot;:&quot;wrap&quot;,&quot;display&quot;:&quot;flex&quot;},&quot;children&quot;:[{&quot;elmType&quot;:&quot;div&quot;,&quot;style&quot;:{&quot;box-sizing&quot;:&quot;border-box&quot;,&quot;padding&quot;:&quot;4px 8px 5px 8px&quot;,&quot;overflow&quot;:&quot;hidden&quot;,&quot;text-overflow&quot;:&quot;ellipsis&quot;,&quot;display&quot;:&quot;flex&quot;,&quot;border-radius&quot;:&quot;16px&quot;,&quot;height&quot;:&quot;24px&quot;,&quot;align-items&quot;:&quot;center&quot;,&quot;white-space&quot;:&quot;nowrap&quot;,&quot;margin&quot;:&quot;4px 4px 4px 4px&quot;},&quot;attributes&quot;:{&quot;class&quot;:{&quot;operator&quot;:&quot;:&quot;,&quot;operands&quot;:[{&quot;operator&quot;:&quot;==&quot;,&quot;operands&quot;:[&quot;[$Status]&quot;,&quot;Nowy&quot;]},&quot;sp-css-backgroundColor-BgCornflowerBlue sp-css-color-CornflowerBlueFont&quot;,{&quot;operator&quot;:&quot;:&quot;,&quot;operands&quot;:[{&quot;operator&quot;:&quot;==&quot;,&quot;operands&quot;:[&quot;[$Status]&quot;,&quot;Zatwierdzony&quot;]},&quot;sp-css-backgroundColor-BgMintGreen sp-css-color-MintGreenFont&quot;,{&quot;operator&quot;:&quot;:&quot;,&quot;operands&quot;:[{&quot;operator&quot;:&quot;==&quot;,&quot;operands&quot;:[&quot;[$Status]&quot;,&quot;Odrzucony&quot;]},&quot;sp-css-backgroundColor-BgGold sp-css-color-GoldFont&quot;,{&quot;operator&quot;:&quot;:&quot;,&quot;operands&quot;:[{&quot;operator&quot;:&quot;==&quot;,&quot;operands&quot;:[&quot;[$Status]&quot;,&quot;&quot;]},&quot;&quot;,&quot;sp-field-borderAllRegular sp-field-borderAllSolid sp-css-borderColor-neutralSecondary&quot;]}]}]}]}},&quot;txtContent&quot;:&quot;[$Status]&quot;}],&quot;templateId&quot;:&quot;BgColorChoicePill&quot;}\" DisplayName=\"Status\" FillInChoice=\"FALSE\" Format=\"Dropdown\" Name=\"Status\" Title=\"Status\" Type=\"Choice\" ID=\"{961e42e5-7c2a-4aad-ac43-ef333f548eb1}\" StaticName=\"Status\"><CHOICES><CHOICE>Nowy</CHOICE><CHOICE>Zatwierdzony</CHOICE><CHOICE>Odrzucony</CHOICE></CHOICES><Default>Nowy</Default></Field>"
                        },
                        {
                          "verb": "addSPFieldXml",
                          "schemaXml": "<Field DisplayName=\"Zatwierdzający\" Format=\"Dropdown\" IsModern=\"TRUE\" List=\"UserInfo\" Name=\"Zatwierdzaj_x0105_cy\" Title=\"Zatwierdzający\" Type=\"User\" UserSelectionMode=\"0\" UserSelectionScope=\"0\" ID=\"{9f39df8b-2e9e-4124-88c0-9d0dbd7a5cfe}\" StaticName=\"Zatwierdzaj_x0105_cy\" />"
                        },
                        {
                          "verb": "addSPFieldXml",
                          "schemaXml": "<Field AppendOnly=\"FALSE\" DisplayName=\"KomentarzZatwierdzającego\" Format=\"Dropdown\" IsModern=\"TRUE\" IsolateStyles=\"FALSE\" Name=\"KomentarzZatwierdzaj_x0105_cego\" RichText=\"FALSE\" RichTextMode=\"Compatible\" Title=\"KomentarzZatwierdzającego\" Type=\"Note\" ID=\"{675499e0-85a7-429b-a0d2-8970319bd728}\" StaticName=\"KomentarzZatwierdzaj_x0105_cego\" />"
                        },
                        {
                          "verb": "addSPFieldXml",
                          "schemaXml": "<Field ID=\"{82642ec8-ef9b-478f-acf9-31f7d45fbc31}\" ReadOnly=\"TRUE\" Type=\"Computed\" Name=\"LinkTitle\" DisplayName=\"Title\" DisplayNameSrcField=\"Title\" ClassInfo=\"Menu\" AuthoringInfo=\"(połączone z elementem menu edycji)\" ListItemMenuAllowed=\"Required\" LinkToItemAllowed=\"Prohibited\" SourceID=\"http://schemas.microsoft.com/sharepoint/v3\" StaticName=\"LinkTitle\" FromBaseType=\"TRUE\"><FieldRefs><FieldRef Name=\"Title\" /><FieldRef Name=\"LinkTitleNoMenu\" /><FieldRef Name=\"_EditMenuTableStart2\" /><FieldRef Name=\"_EditMenuTableEnd\" /></FieldRefs><DisplayPattern><FieldSwitch><Expr><GetVar Name=\"FreeForm\" /></Expr><Case Value=\"TRUE\"><Field Name=\"LinkTitleNoMenu\" /></Case><Default><HTML><![CDATA[<div class=\"ms-vb itx\" onmouseover=\"OnItem(this)\" CTXName=\"ctx]]></HTML><Field Name=\"_EditMenuTableStart2\" /><HTML><![CDATA[\">]]></HTML><Field Name=\"LinkTitleNoMenu\" /><HTML><![CDATA[</div>]]></HTML><HTML><![CDATA[<div class=\"s4-ctx\" onmouseover=\"OnChildItem(this.parentNode); return false;\">]]></HTML><HTML><![CDATA[<span>&nbsp;</span>]]></HTML><HTML><![CDATA[<a onfocus=\"OnChildItem(this.parentNode.parentNode); return false;\" onclick=\"PopMenuFromChevron(event); return false;\" href=\"javascript:;\" title=\"Otwórz menu\"></a>]]></HTML><HTML><![CDATA[<span>&nbsp;</span>]]></HTML><HTML><![CDATA[</div>]]></HTML></Default></FieldSwitch></DisplayPattern></Field>"
                        },
                        {
                          "verb": "addContentType",
                          "name": "Element",
                          "id": "0x01",
                          "fieldRefsXml": [
                            "<FieldRef ID=\"{fa564e0f-0c70-4ab9-b863-0177e6ddd247}\" Name=\"Title\" />",
                            "<FieldRef ID=\"{82642ec8-ef9b-478f-acf9-31f7d45fbc31}\" Name=\"LinkTitle\" DisplayName=\"Title\" ReadOnly=\"TRUE\" />",
                            "<FieldRef ID=\"{eb07f40c-117b-412a-a13a-f16bda752b30}\" Name=\"Progi\" />",
                            "<FieldRef ID=\"{961e42e5-7c2a-4aad-ac43-ef333f548eb1}\" Name=\"Status\" DisplayName=\"Status\" Format=\"Dropdown\" />",
                            "<FieldRef ID=\"{9f39df8b-2e9e-4124-88c0-9d0dbd7a5cfe}\" Name=\"Zatwierdzaj_x0105_cy\" DisplayName=\"Zatwierdzający\" Format=\"Dropdown\" />",
                            "<FieldRef ID=\"{675499e0-85a7-429b-a0d2-8970319bd728}\" Name=\"KomentarzZatwierdzaj_x0105_cego\" DisplayName=\"KomentarzZatwierdzającego\" Format=\"Dropdown\" />"
                          ]
                        },
                        {
                          "verb": "addContentType",
                          "name": "Folder",
                          "id": "0x0120"
                        },
                        {
                          "verb": "addSPView",
                          "name": "All Items",
                          "viewFields": [
                            "LinkTitle",
                            "Progi",
                            "Status",
                            "Zatwierdzaj_x0105_cy",
                            "KomentarzZatwierdzaj_x0105_cego"
                          ],
                          "query": "",
                          "rowLimit": 30,
                          "isPaged": true,
                          "makeDefault": true,
                          "formatterJSON": "",
                          "replaceViewFields": true
                        }
                      ]
                    }
                  ]
                }
              }
            ]
          }
        },
        "AddingScriptContent": {
          "runAfter": {
            "varListSchema": [
              "Succeeded"
            ]
          },
          "metadata": {
            "operationMetadataId": "1b576649-4053-4da3-8951-3e5a21bd863a"
          },
          "type": "Compose",
          "inputs": {
            "script": "@{variables('varListSchema')}"
          }
        },
        "ListCreation": {
          "runAfter": {
            "AddingScriptContent": [
              "Succeeded"
            ]
          },
          "metadata": {
            "operationMetadataId": "68fd3205-23f6-450d-b2b6-d9b91a1f557e"
          },
          "type": "OpenApiConnection",
          "inputs": {
            "host": {
              "connectionName": "shared_sharepointonline_1",
              "operationId": "HttpRequest",
              "apiId": "/providers/Microsoft.PowerApps/apis/shared_sharepointonline"
            },
            "parameters": {
              "dataset": "@parameters('SPO_Site_BPP_URL (balticpp_SPO_Site_BPP_URL)')",
              "parameters/method": "POST",
              "parameters/uri": "_api/Microsoft.SharePoint.Utilities.WebTemplateExtensions.SiteScriptUtility.ExecuteTemplateScript()",
              "parameters/headers": {
                "Accept": "application/json;odata=verbose",
                "Content-Type": "application/json;odata=verbose"
              },
              "parameters/body": "@outputs('AddingScriptContent')"
            },
            "authentication": {
              "type": "Raw",
              "value": "@json(decodeBase64(triggerOutputs().headers['X-MS-APIM-Tokens']))['$ConnectionKey']"
            }
          }
        }
      }
    },
    "templateName": ""
  },
  "schemaVersion": "1.0.0.0"
}