{"name":"f4f546ee-0783-4645-8545-e8f3bdfba0af","id":"/providers/Microsoft.Flow/flows/f4f546ee-0783-4645-8545-e8f3bdfba0af","type":"Microsoft.Flow/flows","properties":{"apiId":"/providers/Microsoft.PowerApps/apis/shared_logicflows","displayName":"Apply_SiteDesigns","definition":{"metadata":{"workflowEntityId":null,"processAdvisorMetadata":null,"flowclientsuspensionreason":"None","flowclientsuspensiontime":null,"creator":{"id":"f42b2965-dba3-4729-9c2d-d733b8916538","type":"User","tenantId":"c1fa53b6-644e-4729-9859-4e7ec3eb4ced"},"provisioningMethod":"FromDefinition","failureAlertSubscription":true,"clientLastModifiedTime":"2021-10-12T09:41:26.6805348Z"},"$schema":"https://schema.management.azure.com/providers/Microsoft.Logic/schemas/2016-06-01/workflowdefinition.json#","contentVersion":"1.0.0.0","parameters":{"$connections":{"defaultValue":{},"type":"Object"},"$authentication":{"defaultValue":{},"type":"SecureObject"}},"triggers":{"manual":{"type":"Request","kind":"Button","inputs":{"schema":{"type":"object","properties":{"text":{"title":"SiteAddress","type":"string","x-ms-dynamically-added":true,"description":"Add here URL to which you want to apply site design","x-ms-content-hint":"TEXT"},"text_1":{"title":"SiteDesignID","type":"string","x-ms-dynamically-added":true,"description":"Site Dessign (site template) ID (GUID)","x-ms-content-hint":"TEXT"}},"required":["text","text_1"]}}}},"actions":{"Send_an_HTTP_request_to_SharePoint":{"runAfter":{},"type":"OpenApiConnection","inputs":{"host":{"apiId":"/providers/Microsoft.PowerApps/apis/shared_sharepointonline","connectionName":"shared_sharepointonline","operationId":"HttpRequest"},"parameters":{"dataset":"@triggerBody()['text']","parameters/method":"POST","parameters/uri":"_api/Microsoft.SharePoint.Utilities.WebTemplateExtensions.SiteScriptUtility.ApplySiteDesign","parameters/body":"{\n'siteDesignId': '@{triggerBody()['text_1']}',\n'webUrl':'@{triggerBody()['text']}'\n}"},"authentication":{"value":"@json(decodeBase64(triggerOutputs().headers['X-MS-APIM-Tokens']))['$ConnectionKey']","type":"Raw"}}}}},"connectionReferences":{"shared_sharepointonline":{"connectionName":"shared-sharepointonl-52ed5de5-ad09-43b9-93ca-9c5b-00abc7d7","source":"Invoker","id":"/providers/Microsoft.PowerApps/apis/shared_sharepointonline","tier":"NotSpecified"}},"flowFailureAlertSubscribed":false}}