{"name":"13cabc3d-6079-4c35-b440-7b2c2ba27cd6","id":"/providers/Microsoft.Flow/flows/13cabc3d-6079-4c35-b440-7b2c2ba27cd6","type":"Microsoft.Flow/flows","properties":{"apiId":"/providers/Microsoft.PowerApps/apis/shared_logicflows","displayName":"GetSiteTemplates","definition":{"metadata":{"workflowEntityId":null,"processAdvisorMetadata":null,"flowclientsuspensionreason":"None","flowclientsuspensiontime":null,"creator":{"id":"f42b2965-dba3-4729-9c2d-d733b8916538","type":"User","tenantId":"c1fa53b6-644e-4729-9859-4e7ec3eb4ced"},"provisioningMethod":"FromDefinition","failureAlertSubscription":true,"clientLastModifiedTime":"2021-11-24T17:43:01.3789469Z"},"$schema":"https://schema.management.azure.com/providers/Microsoft.Logic/schemas/2016-06-01/workflowdefinition.json#","contentVersion":"1.0.0.0","parameters":{"$connections":{"defaultValue":{},"type":"Object"},"$authentication":{"defaultValue":{},"type":"SecureObject"}},"triggers":{"manual":{"metadata":{"operationMetadataId":"08f3472c-adda-4457-b76e-7d3cc88b8ba8"},"type":"Request","kind":"Button","inputs":{"schema":{"type":"object","properties":{"text":{"title":"SiteAddress","type":"string","x-ms-dynamically-added":true,"description":"Add here any site from your tenant","x-ms-content-hint":"TEXT"}},"required":["text"]},"headersSchema":{"x-ms-user-email-encoded":{"title":"User email","type":"string","format":"byte","x-ms-dynamically-added":false}}}}},"actions":{"GetSiteDesigns":{"runAfter":{},"metadata":{"operationMetadataId":"1a1d9774-10fe-4e16-9422-f5e830832a0e"},"type":"OpenApiConnection","inputs":{"host":{"apiId":"/providers/Microsoft.PowerApps/apis/shared_sharepointonline","connectionName":"shared_sharepointonline","operationId":"HttpRequest"},"parameters":{"dataset":"@triggerBody()['text']","parameters/method":"POST","parameters/uri":"_api/Microsoft.SharePoint.Utilities.WebTemplateExtensions.SiteScriptUtility.GetSiteDesigns"},"authentication":{"value":"@json(decodeBase64(triggerOutputs().headers['X-MS-APIM-Tokens']))['$ConnectionKey']","type":"Raw"}}},"Condition":{"actions":{"Select":{"runAfter":{},"metadata":{"operationMetadataId":"e3f4e7ee-2ec6-43d3-b2e0-cf69c87b0e6d"},"type":"Select","inputs":{"from":"@body('GetSiteDesigns')?['d']?['GetSiteDesigns']?['results']","select":{"Title":"@item()?['Title']","WebTemplateID":"@item()?['WebTemplate']","Template ID":"@item()?['Id']"}}},"Create_CSV_table":{"runAfter":{"Select":["Succeeded"]},"metadata":{"operationMetadataId":"25c12050-f21d-406d-b536-8eedeeafe907"},"type":"Table","inputs":{"from":"@body('Select')","format":"CSV"}},"Send_an_email_(V2)":{"runAfter":{"Create_CSV_table":["Succeeded"]},"metadata":{"operationMetadataId":"595f4ca5-9044-4d43-a2c8-ca451c99cf59"},"type":"OpenApiConnection","inputs":{"host":{"apiId":"/providers/Microsoft.PowerApps/apis/shared_office365","connectionName":"shared_office365","operationId":"SendEmailV2"},"parameters":{"emailMessage/To":"@triggerOutputs()['headers']['x-ms-user-email-encoded']","emailMessage/Subject":"List of Site templates","emailMessage/Body":"<p>Attached list with all (custom) Site Templates in tenant.</p>","emailMessage/Attachments":[{"Name":"SiteTemplates.csv","ContentBytes":"@body('Create_CSV_table')"}],"emailMessage/Importance":"High"},"authentication":{"value":"@json(decodeBase64(triggerOutputs().headers['X-MS-APIM-Tokens']))['$ConnectionKey']","type":"Raw"}}}},"runAfter":{"GetSiteDesigns":["Succeeded"]},"expression":{"equals":["@empty(body('GetSiteDesigns')?['d']?['GetSiteDesigns']?['results'])","@false"]},"metadata":{"operationMetadataId":"b223edb5-33db-4bde-9b0a-1ab28f9b87c0"},"type":"If"}}},"connectionReferences":{"shared_sharepointonline":{"connectionName":"shared-sharepointonl-52ed5de5-ad09-43b9-93ca-9c5b-00abc7d7","source":"Invoker","id":"/providers/Microsoft.PowerApps/apis/shared_sharepointonline","tier":"NotSpecified"},"shared_office365":{"connectionName":"shared-office365-9b752cfc-bfc9-448d-b6f7-8dca-09875bc3","source":"Invoker","id":"/providers/Microsoft.PowerApps/apis/shared_office365","tier":"NotSpecified"}},"flowFailureAlertSubscribed":false}}