{"name":"5bb482fa-8296-43f1-93e5-09b06f298782","id":"/providers/Microsoft.Flow/flows/5bb482fa-8296-43f1-93e5-09b06f298782","type":"Microsoft.Flow/flows","properties":{"apiId":"/providers/Microsoft.PowerApps/apis/shared_logicflows","displayName":"UpdateSPItem_FromPlanner","definition":{"metadata":{"workflowEntityId":null,"processAdvisorMetadata":null,"flowclientsuspensionreason":"None","flowclientsuspensiontime":null,"creator":{"id":"f42b2965-dba3-4729-9c2d-d733b8916538","type":"User","tenantId":"c1fa53b6-644e-4729-9859-4e7ec3eb4ced"},"provisioningMethod":"FromDefinition","failureAlertSubscription":true,"clientLastModifiedTime":"2021-11-16T22:22:46.3372101Z"},"$schema":"https://schema.management.azure.com/providers/Microsoft.Logic/schemas/2016-06-01/workflowdefinition.json#","contentVersion":"1.0.0.0","parameters":{"$connections":{"defaultValue":{},"type":"Object"},"$authentication":{"defaultValue":{},"type":"SecureObject"}},"triggers":{"When_a_task_is_completed":{"recurrence":{"frequency":"Minute","interval":5},"splitOn":"@triggerOutputs()?['body/value']","metadata":{"operationMetadataId":"315b58f3-58da-4a47-a7a3-80daa349b251"},"type":"OpenApiConnection","inputs":{"host":{"apiId":"/providers/Microsoft.PowerApps/apis/shared_planner","connectionName":"shared_planner","operationId":"OnCompleteTask_V3"},"parameters":{"groupId":"b2b3175b-f1f3-4bc6-9344-a89a8f8e40da","id":"VOMWAevBsEqYetBr_1NBfJcAAWHi"},"authentication":"@parameters('$authentication')"}}},"actions":{"Init_varSPInfo":{"runAfter":{},"metadata":{"operationMetadataId":"00acd083-448b-438a-90a9-63b2faf55305"},"type":"InitializeVariable","inputs":{"variables":[{"name":"varSPInfo","type":"object","value":{"SiteURL":"https://powerpdev.sharepoint.com/sites/Demos","listID":"c49c4677-1c83-4f2f-9c15-3bb5ce38aca9"}}]}},"Init_varSPId":{"runAfter":{"Init_varSPInfo":["Succeeded"]},"metadata":{"operationMetadataId":"058979fd-e1fa-435b-b18e-37f669ecccea"},"type":"InitializeVariable","inputs":{"variables":[{"name":"varSPId","type":"integer"}]}},"GetID_RAW":{"runAfter":{"Init_varSPId":["Succeeded"]},"metadata":{"operationMetadataId":"cada44c5-f8b6-4ccc-b8b0-c5e25a55c6a3"},"type":"Compose","inputs":"@split(triggerOutputs()?['body/title'],'#')?[1]","description":"split(triggerOutputs()?['body/title'],'#')?[1]"},"Condition":{"actions":{"Set_varSPId":{"runAfter":{},"metadata":{"operationMetadataId":"db16dc91-e08b-4b54-a792-8f331f726e34"},"type":"SetVariable","inputs":{"name":"varSPId","value":"@int(outputs('GetID_RAW'))"}},"Update_item":{"runAfter":{"Set_varSPId":["Succeeded"]},"metadata":{"operationMetadataId":"c76cbd43-fdea-4b92-a405-7b18b0040e28"},"type":"OpenApiConnection","inputs":{"host":{"apiId":"/providers/Microsoft.PowerApps/apis/shared_sharepointonline","connectionName":"shared_sharepointonline","operationId":"PatchItem"},"parameters":{"dataset":"@variables('varSPInfo')?['SiteURL']","table":"@variables('varSPInfo')?['listID']","id":"@variables('varSPId')","item":{"TaskStatus":{"Value":"Done"}}},"authentication":"@parameters('$authentication')"}}},"runAfter":{"GetID_RAW":["Succeeded"]},"expression":{"not":{"equals":["@outputs('GetID_RAW')","@null"]}},"metadata":{"operationMetadataId":"b9f11e94-dd09-4374-80d0-a52f58c8d353"},"type":"If"}}},"connectionReferences":{"shared_sharepointonline":{"connectionName":"shared-sharepointonl-52ed5de5-ad09-43b9-93ca-9c5b-00abc7d7","source":"Embedded","id":"/providers/Microsoft.PowerApps/apis/shared_sharepointonline","tier":"NotSpecified"},"shared_planner":{"connectionName":"shared-planner-7416bd69-e197-4084-b00f-3a35-2bf33624","source":"Embedded","id":"/providers/Microsoft.PowerApps/apis/shared_planner","tier":"NotSpecified"}},"flowFailureAlertSubscribed":false}}