{"name":"264b27c8-503e-44d7-95df-615132758ff8","id":"/providers/Microsoft.Flow/flows/264b27c8-503e-44d7-95df-615132758ff8","type":"Microsoft.Flow/flows","properties":{"apiId":"/providers/Microsoft.PowerApps/apis/shared_logicflows","displayName":"Get unique items from SharePoint","definition":{"metadata":{"workflowEntityId":null,"processAdvisorMetadata":null,"flowclientsuspensionreason":"None","flowclientsuspensiontime":null,"creator":{"id":"f42b2965-dba3-4729-9c2d-d733b8916538","type":"User","tenantId":"c1fa53b6-644e-4729-9859-4e7ec3eb4ced"},"provisioningMethod":"FromDefinition","failureAlertSubscription":true,"clientLastModifiedTime":"2021-09-03T07:44:02.1747224Z"},"$schema":"https://schema.management.azure.com/providers/Microsoft.Logic/schemas/2016-06-01/workflowdefinition.json#","contentVersion":"1.0.0.0","parameters":{"$connections":{"defaultValue":{},"type":"Object"},"$authentication":{"defaultValue":{},"type":"SecureObject"}},"triggers":{"manual":{"type":"Request","kind":"Button","inputs":{"schema":{"type":"object","properties":{"number":{"title":"NumberOfItems","type":"number","x-ms-dynamically-added":true,"description":"Please enter a number of items to be selected","x-ms-content-hint":"NUMBER"}},"required":["number"]}}}},"actions":{"Init_varResults":{"runAfter":{},"type":"InitializeVariable","inputs":{"variables":[{"name":"varResults","type":"string"}]}},"Do_until":{"actions":{"Append_to_string_variable":{"runAfter":{"GetItem":["Succeeded"]},"type":"AppendToStringVariable","inputs":{"name":"varResults","value":"@{outputs('GetItem')} -"},"description":"variables('varArray')?[rand(0,length(variables('varArray')))]"},"Filter_array":{"runAfter":{"Append_to_string_variable":["Succeeded"]},"type":"Query","inputs":{"from":"@variables('varArray')","where":"@not(equals(item(), outputs('GetItem')))"}},"GetItem":{"runAfter":{},"type":"Compose","inputs":"@variables('varArray')?[rand(0,length(variables('varArray')))]?['ID']"},"Set_variable":{"runAfter":{"Filter_array":["Succeeded"]},"type":"SetVariable","inputs":{"name":"varArray","value":"@body('Filter_array')"}}},"runAfter":{"Init_varArray":["Succeeded"]},"expression":"@equals(true, '')","limit":{"count":"@triggerBody()['number']"},"type":"Until"},"Compose":{"runAfter":{"Do_until":["Succeeded"]},"type":"Compose","inputs":"@variables('varResults')"},"Get_items":{"runAfter":{"Init_varResults":["Succeeded"]},"type":"OpenApiConnection","inputs":{"host":{"apiId":"/providers/Microsoft.PowerApps/apis/shared_sharepointonline","connectionName":"shared_sharepointonline","operationId":"GetItems"},"parameters":{"dataset":"https://powerpdev.sharepoint.com/sites/Demos","table":"af4a6847-b39d-43ae-8b46-314cdacc90a0"},"authentication":{"value":"@json(decodeBase64(triggerOutputs().headers['X-MS-APIM-Tokens']))['$ConnectionKey']","type":"Raw"}},"runtimeConfiguration":{"paginationPolicy":{"minimumItemCount":1000}}},"Select":{"runAfter":{"Get_items":["Succeeded"]},"type":"Select","inputs":{"from":"@outputs('Get_items')?['body/value']","select":{"Title":"@item()?['Title']","ID":"@item()?['ID']","Created":"@item()?['Created']"}}},"Init_varArray":{"runAfter":{"LengthOfArray":["Succeeded"]},"type":"InitializeVariable","inputs":{"variables":[{"name":"varArray","type":"array","value":"@body('Select')"}]}},"LengthOfArray":{"runAfter":{"Select":["Succeeded"]},"type":"Compose","inputs":"Get items - @{length(outputs('Get_items')?['body/value'])}\nSelect - @{length(body('Select'))}"}}},"connectionReferences":{"shared_sharepointonline":{"connectionName":"shared-sharepointonl-52ed5de5-ad09-43b9-93ca-9c5b-00abc7d7","source":"Invoker","id":"/providers/Microsoft.PowerApps/apis/shared_sharepointonline","tier":"NotSpecified"}},"flowFailureAlertSubscribed":false}}