<ImportExportXml xmlns:xsi="http://www.w3.org/2001/XMLSchema-instance" OrganizationVersion="9.2.25051.174" OrganizationSchemaType="Standard" CRMServerServiceabilityVersion="9.2.25051.00174">
  <Entities></Entities>
  <Roles></Roles>
  <Workflows></Workflows>
  <FieldSecurityProfiles></FieldSecurityProfiles>
  <Templates />
  <EntityMaps />
  <EntityRelationships />
  <OrganizationSettings />
  <optionsets />
  <CustomControls />
  <EntityDataProviders />
  <CanvasApps>
    <CanvasApp>
      <Name>mr_veloplanetpt3_d13b4</Name>
      <AppVersion>2025-05-10T15:28:14Z</AppVersion>
      <Status>Ready</Status>
      <CreatedByClientVersion>3.25044.10.0</CreatedByClientVersion>
      <MinClientVersion>3.25044.10.0</MinClientVersion>
      <Tags>{"primaryDeviceWidth":"1366","primaryDeviceHeight":"768","supportsPortrait":"true","supportsLandscape":"true","primaryFormFactor":"Tablet","showStatusBar":"false","publisherVersion":"3.25044.10","minimumRequiredApiVersion":"2.2.0","hasComponent":"true","hasUnlockedComponent":"true","isUnifiedRootApp":"false","sienaVersion":"20250505T135139Z-3.25043.10.0"}</Tags>
      <IsCdsUpgraded>0</IsCdsUpgraded>
      <GalleryItemId xsi:nil="true"></GalleryItemId>
      <BackgroundColor>RGBA(0,176,240,1)</BackgroundColor>
      <DisplayName>Veloplanet pt 3</DisplayName>
      <Description xsi:nil="true"></Description>
      <CommitMessage xsi:nil="true"></CommitMessage>
      <Publisher xsi:nil="true"></Publisher>
      <AuthorizationReferences>[]</AuthorizationReferences>
      <ConnectionReferences>{"6111f9ed-d4ae-4a23-963f-4db69a9bc59c":{"id":"/providers/microsoft.powerapps/apis/shared_sharepointonline","displayName":"SharePoint","iconUri":"https://conn-afd-prod-endpoint-bmc9bqahasf3grgk.b01.azurefd.net/releases/v1.0.1746/1.0.1746.4174/sharepointonline/icon.png","dataSources":["ev_SPList_BikeBrands","ev_SPList_BikeSpecs","ev_SPLibrary_BikePictures"],"dependencies":[],"dependents":[],"parameterHints":{},"parameterHintsV2":{},"isOnPremiseConnection":false,"bypassConsent":false,"dataSets":{"https://stavertonpartners.sharepoint.com/sites/CollabDays2025_mr_ev_SPSite_CollabDays":{"datasetOverride":{"name":"https://stavertonpartners.sharepoint.com/sites/CollabDays2025","environmentVariableName":"mr_ev_SPSite_CollabDays"},"dataSources":{"ev_SPList_BikeBrands":{"tableName":"b7f3194b-7a92-488e-bd4e-7a102de0fb5f","tableNameOverride":{"name":"b7f3194b-7a92-488e-bd4e-7a102de0fb5f","environmentVariableName":"mr_ev_SPList_BikeBrands"}},"ev_SPList_BikeSpecs":{"tableName":"61a77cf3-d113-475d-be28-37eac7496b39","tableNameOverride":{"name":"61a77cf3-d113-475d-be28-37eac7496b39","environmentVariableName":"mr_ev_SPList_BikeSpecs"}},"ev_SPLibrary_BikePictures":{"tableName":"8cee0c7d-bbf6-4d9e-8507-c9275e8f293e","tableNameOverride":{"name":"8cee0c7d-bbf6-4d9e-8507-c9275e8f293e","environmentVariableName":"mr_ev_SPLibrary_BikePictures"}}}}},"apiTier":"Standard","actions":["providers/PowerPlatform.Governance/Operations/Read","providers/PowerPlatform.Governance/Operations/Write"]}}</ConnectionReferences>
      <DatabaseReferences>{}</DatabaseReferences>
      <AppComponents>[]</AppComponents>
      <AppComponentDependencies>[]</AppComponentDependencies>
      <CanConsumeAppPass>1</CanConsumeAppPass>
      <CanvasAppType>0</CanvasAppType>
      <BypassConsent>0</BypassConsent>
      <AdminControlBypassConsent>0</AdminControlBypassConsent>
      <EmbeddedApp xsi:nil="true"></EmbeddedApp>
      <IntroducedVersion>1.0</IntroducedVersion>
      <CdsDependencies>{"cdsdependencies":[{"logicalname":"mr_ev_SPSite_CollabDays","componenttype":380,"componenttypeplatformname":"EnvironmentVariableDefinition"},{"logicalname":"mr_ev_SPList_BikeBrands","componenttype":380,"componenttypeplatformname":"EnvironmentVariableDefinition"},{"logicalname":"mr_ev_SPList_BikeSpecs","componenttype":380,"componenttypeplatformname":"EnvironmentVariableDefinition"},{"logicalname":"mr_ev_SPLibrary_BikePictures","componenttype":380,"componenttypeplatformname":"EnvironmentVariableDefinition"}]}</CdsDependencies>
      <IsCustomizable>1</IsCustomizable>
      <BackgroundImageUri>/CanvasApps/mr_veloplanetpt3_d13b4_BackgroundImageUri</BackgroundImageUri>
      <DocumentUri>/CanvasApps/mr_veloplanetpt3_d13b4_DocumentUri.msapp</DocumentUri>
      <AdditionalUris>
        <AdditionalUri>/CanvasApps/mr_veloplanetpt3_d13b4_AdditionalUris0_identity.json</AdditionalUri>
      </AdditionalUris>
    </CanvasApp>
    <CanvasApp>
      <Name>mr_veloplanetpt6_d8283</Name>
      <AppVersion>2025-05-15T16:33:16Z</AppVersion>
      <Status>Ready</Status>
      <CreatedByClientVersion>3.25051.13.0</CreatedByClientVersion>
      <MinClientVersion>3.25051.13.0</MinClientVersion>
      <Tags>{"primaryDeviceWidth":"1366","primaryDeviceHeight":"768","supportsPortrait":"true","supportsLandscape":"true","primaryFormFactor":"Tablet","showStatusBar":"false","publisherVersion":"3.25051.13","minimumRequiredApiVersion":"2.2.0","hasComponent":"true","hasUnlockedComponent":"true","isUnifiedRootApp":"false","sienaVersion":"20250511T124445Z-3.25044.10.0"}</Tags>
      <IsCdsUpgraded>0</IsCdsUpgraded>
      <GalleryItemId xsi:nil="true"></GalleryItemId>
      <BackgroundColor>RGBA(0,176,240,1)</BackgroundColor>
      <DisplayName>Veloplanet pt 6</DisplayName>
      <Description xsi:nil="true"></Description>
      <CommitMessage xsi:nil="true"></CommitMessage>
      <Publisher xsi:nil="true"></Publisher>
      <AuthorizationReferences>[]</AuthorizationReferences>
      <ConnectionReferences>{"6111f9ed-d4ae-4a23-963f-4db69a9bc59c":{"id":"/providers/microsoft.powerapps/apis/shared_sharepointonline","displayName":"SharePoint","iconUri":"https://conn-afd-prod-endpoint-bmc9bqahasf3grgk.b01.azurefd.net/releases/v1.0.1746/1.0.1746.4174/sharepointonline/icon.png","dataSources":["ev_SPList_BikeBrands","ev_SPList_BikeSpecs","ev_SPLibrary_BikePictures"],"dependencies":[],"dependents":[],"parameterHints":{},"parameterHintsV2":{},"isOnPremiseConnection":false,"bypassConsent":false,"dataSets":{"https://stavertonpartners.sharepoint.com/sites/CollabDays2025_mr_ev_SPSite_CollabDays":{"datasetOverride":{"name":"https://stavertonpartners.sharepoint.com/sites/CollabDays2025","environmentVariableName":"mr_ev_SPSite_CollabDays"},"dataSources":{"ev_SPList_BikeBrands":{"tableName":"b7f3194b-7a92-488e-bd4e-7a102de0fb5f","tableNameOverride":{"name":"b7f3194b-7a92-488e-bd4e-7a102de0fb5f","environmentVariableName":"mr_ev_SPList_BikeBrands"}},"ev_SPList_BikeSpecs":{"tableName":"61a77cf3-d113-475d-be28-37eac7496b39","tableNameOverride":{"name":"61a77cf3-d113-475d-be28-37eac7496b39","environmentVariableName":"mr_ev_SPList_BikeSpecs"}},"ev_SPLibrary_BikePictures":{"tableName":"8cee0c7d-bbf6-4d9e-8507-c9275e8f293e","tableNameOverride":{"name":"8cee0c7d-bbf6-4d9e-8507-c9275e8f293e","environmentVariableName":"mr_ev_SPLibrary_BikePictures"}}}}},"apiTier":"Standard","actions":["providers/PowerPlatform.Governance/Operations/Read","providers/PowerPlatform.Governance/Operations/Write"]}}</ConnectionReferences>
      <DatabaseReferences>{}</DatabaseReferences>
      <AppComponents>[]</AppComponents>
      <AppComponentDependencies>[]</AppComponentDependencies>
      <CanConsumeAppPass>1</CanConsumeAppPass>
      <CanvasAppType>0</CanvasAppType>
      <BypassConsent>0</BypassConsent>
      <AdminControlBypassConsent>0</AdminControlBypassConsent>
      <EmbeddedApp xsi:nil="true"></EmbeddedApp>
      <IntroducedVersion>1.0</IntroducedVersion>
      <CdsDependencies>{"cdsdependencies":[{"logicalname":"mr_ev_SPSite_CollabDays","componenttype":380,"componenttypeplatformname":"EnvironmentVariableDefinition"},{"logicalname":"mr_ev_SPList_BikeBrands","componenttype":380,"componenttypeplatformname":"EnvironmentVariableDefinition"},{"logicalname":"mr_ev_SPList_BikeSpecs","componenttype":380,"componenttypeplatformname":"EnvironmentVariableDefinition"},{"logicalname":"mr_ev_SPLibrary_BikePictures","componenttype":380,"componenttypeplatformname":"EnvironmentVariableDefinition"}]}</CdsDependencies>
      <IsCustomizable>1</IsCustomizable>
      <BackgroundImageUri>/CanvasApps/mr_veloplanetpt6_d8283_BackgroundImageUri</BackgroundImageUri>
      <DocumentUri>/CanvasApps/mr_veloplanetpt6_d8283_DocumentUri.msapp</DocumentUri>
      <AdditionalUris>
        <AdditionalUri>/CanvasApps/mr_veloplanetpt6_d8283_AdditionalUris0_identity.json</AdditionalUri>
      </AdditionalUris>
    </CanvasApp>
    <CanvasApp>
      <Name>mr_veloplanetpt5_04fa1</Name>
      <AppVersion>2025-05-10T16:58:18Z</AppVersion>
      <Status>Ready</Status>
      <CreatedByClientVersion>3.25044.10.0</CreatedByClientVersion>
      <MinClientVersion>3.25044.10.0</MinClientVersion>
      <Tags>{"primaryDeviceWidth":"1366","primaryDeviceHeight":"768","supportsPortrait":"true","supportsLandscape":"true","primaryFormFactor":"Tablet","showStatusBar":"false","publisherVersion":"3.25044.10","minimumRequiredApiVersion":"2.2.0","hasComponent":"true","hasUnlockedComponent":"true","isUnifiedRootApp":"false","sienaVersion":"20250510T155615Z-3.25044.10.0"}</Tags>
      <IsCdsUpgraded>0</IsCdsUpgraded>
      <GalleryItemId xsi:nil="true"></GalleryItemId>
      <BackgroundColor>RGBA(0,176,240,1)</BackgroundColor>
      <DisplayName>Veloplanet pt 5</DisplayName>
      <Description xsi:nil="true"></Description>
      <CommitMessage xsi:nil="true"></CommitMessage>
      <Publisher xsi:nil="true"></Publisher>
      <AuthorizationReferences>[]</AuthorizationReferences>
      <ConnectionReferences>{"6111f9ed-d4ae-4a23-963f-4db69a9bc59c":{"id":"/providers/microsoft.powerapps/apis/shared_sharepointonline","displayName":"SharePoint","iconUri":"https://conn-afd-prod-endpoint-bmc9bqahasf3grgk.b01.azurefd.net/releases/v1.0.1746/1.0.1746.4174/sharepointonline/icon.png","dataSources":["ev_SPList_BikeBrands","ev_SPList_BikeSpecs","ev_SPLibrary_BikePictures"],"dependencies":[],"dependents":[],"parameterHints":{},"parameterHintsV2":{},"isOnPremiseConnection":false,"bypassConsent":false,"dataSets":{"https://stavertonpartners.sharepoint.com/sites/CollabDays2025_mr_ev_SPSite_CollabDays":{"datasetOverride":{"name":"https://stavertonpartners.sharepoint.com/sites/CollabDays2025","environmentVariableName":"mr_ev_SPSite_CollabDays"},"dataSources":{"ev_SPList_BikeBrands":{"tableName":"b7f3194b-7a92-488e-bd4e-7a102de0fb5f","tableNameOverride":{"name":"b7f3194b-7a92-488e-bd4e-7a102de0fb5f","environmentVariableName":"mr_ev_SPList_BikeBrands"}},"ev_SPList_BikeSpecs":{"tableName":"61a77cf3-d113-475d-be28-37eac7496b39","tableNameOverride":{"name":"61a77cf3-d113-475d-be28-37eac7496b39","environmentVariableName":"mr_ev_SPList_BikeSpecs"}},"ev_SPLibrary_BikePictures":{"tableName":"8cee0c7d-bbf6-4d9e-8507-c9275e8f293e","tableNameOverride":{"name":"8cee0c7d-bbf6-4d9e-8507-c9275e8f293e","environmentVariableName":"mr_ev_SPLibrary_BikePictures"}}}}},"apiTier":"Standard","actions":["providers/PowerPlatform.Governance/Operations/Read","providers/PowerPlatform.Governance/Operations/Write"]}}</ConnectionReferences>
      <DatabaseReferences>{}</DatabaseReferences>
      <AppComponents>[]</AppComponents>
      <AppComponentDependencies>[]</AppComponentDependencies>
      <CanConsumeAppPass>1</CanConsumeAppPass>
      <CanvasAppType>0</CanvasAppType>
      <BypassConsent>0</BypassConsent>
      <AdminControlBypassConsent>0</AdminControlBypassConsent>
      <EmbeddedApp xsi:nil="true"></EmbeddedApp>
      <IntroducedVersion>1.0</IntroducedVersion>
      <CdsDependencies>{"cdsdependencies":[{"logicalname":"mr_ev_SPSite_CollabDays","componenttype":380,"componenttypeplatformname":"EnvironmentVariableDefinition"},{"logicalname":"mr_ev_SPList_BikeBrands","componenttype":380,"componenttypeplatformname":"EnvironmentVariableDefinition"},{"logicalname":"mr_ev_SPList_BikeSpecs","componenttype":380,"componenttypeplatformname":"EnvironmentVariableDefinition"},{"logicalname":"mr_ev_SPLibrary_BikePictures","componenttype":380,"componenttypeplatformname":"EnvironmentVariableDefinition"}]}</CdsDependencies>
      <IsCustomizable>1</IsCustomizable>
      <BackgroundImageUri>/CanvasApps/mr_veloplanetpt5_04fa1_BackgroundImageUri</BackgroundImageUri>
      <DocumentUri>/CanvasApps/mr_veloplanetpt5_04fa1_DocumentUri.msapp</DocumentUri>
      <AdditionalUris>
        <AdditionalUri>/CanvasApps/mr_veloplanetpt5_04fa1_AdditionalUris0_identity.json</AdditionalUri>
      </AdditionalUris>
    </CanvasApp>
    <CanvasApp>
      <Name>mr_veloplanetpt4_a2a51</Name>
      <AppVersion>2025-05-15T20:43:36Z</AppVersion>
      <Status>Ready</Status>
      <CreatedByClientVersion>3.25051.13.0</CreatedByClientVersion>
      <MinClientVersion>3.25051.13.0</MinClientVersion>
      <Tags>{"primaryDeviceWidth":"1366","primaryDeviceHeight":"768","supportsPortrait":"true","supportsLandscape":"true","primaryFormFactor":"Tablet","showStatusBar":"false","publisherVersion":"3.25051.13","minimumRequiredApiVersion":"2.2.0","hasComponent":"true","hasUnlockedComponent":"true","isUnifiedRootApp":"false","sienaVersion":"20250510T155615Z-3.25044.10.0"}</Tags>
      <IsCdsUpgraded>0</IsCdsUpgraded>
      <GalleryItemId xsi:nil="true"></GalleryItemId>
      <BackgroundColor>RGBA(0,176,240,1)</BackgroundColor>
      <DisplayName>Veloplanet pt 4</DisplayName>
      <Description xsi:nil="true"></Description>
      <CommitMessage xsi:nil="true"></CommitMessage>
      <Publisher xsi:nil="true"></Publisher>
      <AuthorizationReferences>[]</AuthorizationReferences>
      <ConnectionReferences>{"6111f9ed-d4ae-4a23-963f-4db69a9bc59c":{"id":"/providers/microsoft.powerapps/apis/shared_sharepointonline","displayName":"SharePoint","iconUri":"https://conn-afd-prod-endpoint-bmc9bqahasf3grgk.b01.azurefd.net/releases/v1.0.1746/1.0.1746.4174/sharepointonline/icon.png","dataSources":["ev_SPList_BikeBrands","ev_SPList_BikeSpecs","ev_SPLibrary_BikePictures"],"dependencies":[],"dependents":[],"parameterHints":{},"parameterHintsV2":{},"isOnPremiseConnection":false,"bypassConsent":false,"dataSets":{"https://stavertonpartners.sharepoint.com/sites/CollabDays2025_mr_ev_SPSite_CollabDays":{"datasetOverride":{"name":"https://stavertonpartners.sharepoint.com/sites/CollabDays2025","environmentVariableName":"mr_ev_SPSite_CollabDays"},"dataSources":{"ev_SPList_BikeBrands":{"tableName":"b7f3194b-7a92-488e-bd4e-7a102de0fb5f","tableNameOverride":{"name":"b7f3194b-7a92-488e-bd4e-7a102de0fb5f","environmentVariableName":"mr_ev_SPList_BikeBrands"}},"ev_SPList_BikeSpecs":{"tableName":"61a77cf3-d113-475d-be28-37eac7496b39","tableNameOverride":{"name":"61a77cf3-d113-475d-be28-37eac7496b39","environmentVariableName":"mr_ev_SPList_BikeSpecs"}},"ev_SPLibrary_BikePictures":{"tableName":"8cee0c7d-bbf6-4d9e-8507-c9275e8f293e","tableNameOverride":{"name":"8cee0c7d-bbf6-4d9e-8507-c9275e8f293e","environmentVariableName":"mr_ev_SPLibrary_BikePictures"}}}}},"apiTier":"Standard","actions":["providers/PowerPlatform.Governance/Operations/Read","providers/PowerPlatform.Governance/Operations/Write"]}}</ConnectionReferences>
      <DatabaseReferences>{}</DatabaseReferences>
      <AppComponents>[]</AppComponents>
      <AppComponentDependencies>[]</AppComponentDependencies>
      <CanConsumeAppPass>1</CanConsumeAppPass>
      <CanvasAppType>0</CanvasAppType>
      <BypassConsent>0</BypassConsent>
      <AdminControlBypassConsent>0</AdminControlBypassConsent>
      <EmbeddedApp xsi:nil="true"></EmbeddedApp>
      <IntroducedVersion>1.0</IntroducedVersion>
      <CdsDependencies>{"cdsdependencies":[{"logicalname":"mr_ev_SPSite_CollabDays","componenttype":380,"componenttypeplatformname":"EnvironmentVariableDefinition"},{"logicalname":"mr_ev_SPList_BikeBrands","componenttype":380,"componenttypeplatformname":"EnvironmentVariableDefinition"},{"logicalname":"mr_ev_SPList_BikeSpecs","componenttype":380,"componenttypeplatformname":"EnvironmentVariableDefinition"},{"logicalname":"mr_ev_SPLibrary_BikePictures","componenttype":380,"componenttypeplatformname":"EnvironmentVariableDefinition"}]}</CdsDependencies>
      <IsCustomizable>1</IsCustomizable>
      <BackgroundImageUri>/CanvasApps/mr_veloplanetpt4_a2a51_BackgroundImageUri</BackgroundImageUri>
      <DocumentUri>/CanvasApps/mr_veloplanetpt4_a2a51_DocumentUri.msapp</DocumentUri>
      <AdditionalUris>
        <AdditionalUri>/CanvasApps/mr_veloplanetpt4_a2a51_AdditionalUris0_identity.json</AdditionalUri>
      </AdditionalUris>
    </CanvasApp>
    <CanvasApp>
      <Name>mr_veloplanet_7e23d</Name>
      <AppVersion>2025-05-05T13:01:16Z</AppVersion>
      <Status>Ready</Status>
      <CreatedByClientVersion>3.25043.10.0</CreatedByClientVersion>
      <MinClientVersion>3.25043.10.0</MinClientVersion>
      <Tags>{"primaryDeviceWidth":"1366","primaryDeviceHeight":"768","supportsPortrait":"true","supportsLandscape":"true","primaryFormFactor":"Tablet","showStatusBar":"false","publisherVersion":"3.25043.10","minimumRequiredApiVersion":"2.2.0","hasComponent":"true","hasUnlockedComponent":"true","isUnifiedRootApp":"false"}</Tags>
      <IsCdsUpgraded>0</IsCdsUpgraded>
      <GalleryItemId xsi:nil="true"></GalleryItemId>
      <BackgroundColor>RGBA(0,176,240,1)</BackgroundColor>
      <DisplayName>Veloplanet</DisplayName>
      <Description xsi:nil="true"></Description>
      <CommitMessage xsi:nil="true"></CommitMessage>
      <Publisher xsi:nil="true"></Publisher>
      <AuthorizationReferences>[]</AuthorizationReferences>
      <ConnectionReferences>{}</ConnectionReferences>
      <DatabaseReferences>{}</DatabaseReferences>
      <AppComponents>[]</AppComponents>
      <AppComponentDependencies>[]</AppComponentDependencies>
      <CanConsumeAppPass>1</CanConsumeAppPass>
      <CanvasAppType>0</CanvasAppType>
      <BypassConsent>0</BypassConsent>
      <AdminControlBypassConsent>0</AdminControlBypassConsent>
      <EmbeddedApp xsi:nil="true"></EmbeddedApp>
      <IntroducedVersion>1.0</IntroducedVersion>
      <CdsDependencies>{"cdsdependencies":[]}</CdsDependencies>
      <IsCustomizable>1</IsCustomizable>
      <BackgroundImageUri>/CanvasApps/mr_veloplanet_7e23d_BackgroundImageUri</BackgroundImageUri>
      <DocumentUri>/CanvasApps/mr_veloplanet_7e23d_DocumentUri.msapp</DocumentUri>
      <AdditionalUris>
        <AdditionalUri>/CanvasApps/mr_veloplanet_7e23d_AdditionalUris0_identity.json</AdditionalUri>
      </AdditionalUris>
    </CanvasApp>
    <CanvasApp>
      <Name>mr_veloplanetpt2_a9721</Name>
      <AppVersion>2025-05-10T14:58:38Z</AppVersion>
      <Status>Ready</Status>
      <CreatedByClientVersion>3.25044.10.0</CreatedByClientVersion>
      <MinClientVersion>3.25044.10.0</MinClientVersion>
      <Tags>{"primaryDeviceWidth":"1366","primaryDeviceHeight":"768","supportsPortrait":"true","supportsLandscape":"true","primaryFormFactor":"Tablet","showStatusBar":"false","publisherVersion":"3.25044.10","minimumRequiredApiVersion":"2.2.0","hasComponent":"true","hasUnlockedComponent":"true","isUnifiedRootApp":"false","sienaVersion":"20250505T131619Z-3.25043.10.0"}</Tags>
      <IsCdsUpgraded>0</IsCdsUpgraded>
      <GalleryItemId xsi:nil="true"></GalleryItemId>
      <BackgroundColor>RGBA(0,176,240,1)</BackgroundColor>
      <DisplayName>Veloplanet pt 2</DisplayName>
      <Description xsi:nil="true"></Description>
      <CommitMessage xsi:nil="true"></CommitMessage>
      <Publisher xsi:nil="true"></Publisher>
      <AuthorizationReferences>[]</AuthorizationReferences>
      <ConnectionReferences>{"6111f9ed-d4ae-4a23-963f-4db69a9bc59c":{"id":"/providers/microsoft.powerapps/apis/shared_sharepointonline","displayName":"SharePoint","iconUri":"https://conn-afd-prod-endpoint-bmc9bqahasf3grgk.b01.azurefd.net/releases/v1.0.1746/1.0.1746.4174/sharepointonline/icon.png","dataSources":["ev_SPList_BikeBrands","ev_SPList_BikeSpecs","ev_SPLibrary_BikePictures"],"dependencies":[],"dependents":[],"parameterHints":{},"parameterHintsV2":{},"isOnPremiseConnection":false,"bypassConsent":false,"dataSets":{"https://stavertonpartners.sharepoint.com/sites/CollabDays2025_mr_ev_SPSite_CollabDays":{"datasetOverride":{"name":"https://stavertonpartners.sharepoint.com/sites/CollabDays2025","environmentVariableName":"mr_ev_SPSite_CollabDays"},"dataSources":{"ev_SPList_BikeBrands":{"tableName":"b7f3194b-7a92-488e-bd4e-7a102de0fb5f","tableNameOverride":{"name":"b7f3194b-7a92-488e-bd4e-7a102de0fb5f","environmentVariableName":"mr_ev_SPList_BikeBrands"}},"ev_SPList_BikeSpecs":{"tableName":"61a77cf3-d113-475d-be28-37eac7496b39","tableNameOverride":{"name":"61a77cf3-d113-475d-be28-37eac7496b39","environmentVariableName":"mr_ev_SPList_BikeSpecs"}},"ev_SPLibrary_BikePictures":{"tableName":"8cee0c7d-bbf6-4d9e-8507-c9275e8f293e","tableNameOverride":{"name":"8cee0c7d-bbf6-4d9e-8507-c9275e8f293e","environmentVariableName":"mr_ev_SPLibrary_BikePictures"}}}}},"apiTier":"Standard","actions":["providers/PowerPlatform.Governance/Operations/Read"]}}</ConnectionReferences>
      <DatabaseReferences>{}</DatabaseReferences>
      <AppComponents>[]</AppComponents>
      <AppComponentDependencies>[]</AppComponentDependencies>
      <CanConsumeAppPass>1</CanConsumeAppPass>
      <CanvasAppType>0</CanvasAppType>
      <BypassConsent>0</BypassConsent>
      <AdminControlBypassConsent>0</AdminControlBypassConsent>
      <EmbeddedApp xsi:nil="true"></EmbeddedApp>
      <IntroducedVersion>1.0</IntroducedVersion>
      <CdsDependencies>{"cdsdependencies":[{"logicalname":"mr_ev_SPSite_CollabDays","componenttype":380,"componenttypeplatformname":"EnvironmentVariableDefinition"},{"logicalname":"mr_ev_SPList_BikeBrands","componenttype":380,"componenttypeplatformname":"EnvironmentVariableDefinition"},{"logicalname":"mr_ev_SPList_BikeSpecs","componenttype":380,"componenttypeplatformname":"EnvironmentVariableDefinition"},{"logicalname":"mr_ev_SPLibrary_BikePictures","componenttype":380,"componenttypeplatformname":"EnvironmentVariableDefinition"}]}</CdsDependencies>
      <IsCustomizable>1</IsCustomizable>
      <BackgroundImageUri>/CanvasApps/mr_veloplanetpt2_a9721_BackgroundImageUri</BackgroundImageUri>
      <DocumentUri>/CanvasApps/mr_veloplanetpt2_a9721_DocumentUri.msapp</DocumentUri>
      <AdditionalUris>
        <AdditionalUri>/CanvasApps/mr_veloplanetpt2_a9721_AdditionalUris0_identity.json</AdditionalUri>
      </AdditionalUris>
    </CanvasApp>
  </CanvasApps>
  <Languages>
    <Language>1033</Language>
  </Languages>
</ImportExportXml>