{
  "properties": {
    "connectionReferences": {
      "shared_sharepointonline": {
        "runtimeSource": "invoker",
        "connection": {
          "connectionReferenceLogicalName": "stav_cr_ListCreationCollabDays_SPO"
        },
        "api": {
          "name": "shared_sharepointonline"
        }
      }
    },
    "definition": {
      "$schema": "https://schema.management.azure.com/providers/Microsoft.Logic/schemas/2016-06-01/workflowdefinition.json#",
      "contentVersion": "1.0.0.0",
      "parameters": {
        "$connections": {
          "defaultValue": {},
          "type": "Object"
        },
        "$authentication": {
          "defaultValue": {},
          "type": "SecureObject"
        }
      },
      "triggers": {
        "manual": {
          "metadata": {
            "operationMetadataId": "d187ff65-ffe7-4434-92eb-64305000c511"
          },
          "type": "Request",
          "kind": "Button",
          "inputs": {
            "schema": {
              "type": "object",
              "properties": {
                "text": {
                  "title": "SiteURL",
                  "type": "string",
                  "x-ms-dynamically-added": true,
                  "description": "Please enter your site were you want the lists to be created",
                  "x-ms-content-hint": "TEXT"
                }
              },
              "required": [
                "text"
              ]
            }
          }
        }
      },
      "actions": {
        "JSON": {
          "runAfter": {},
          "metadata": {
            "operationMetadataId": "b3a4f17b-576f-4238-a188-cc2304f362f9"
          },
          "type": "Compose",
          "inputs": {
            "actions": [
              {
                "verb": "createSPList",
                "listName": "[[LBike_brands0003_listName]]",
                "templateType": 100,
                "color": "[[LBike_brands0003_color]]",
                "icon": "[[LBike_brands0003_icon]]",
                "addNavLink": "[[LBike_brands0003_addNavLink]]",
                "description": "[[LBike_brands0003_description]]",
                "identity": "LBike_brands0003",
                "subactions": [
                  {
                    "verb": "addSPFieldXml",
                    "schemaXml": "<Field ID=\"{fa564e0f-0c70-4ab9-b863-0177e6ddd247}\" Type=\"Text\" Name=\"Title\" DisplayName=\"Title\" Required=\"FALSE\" SourceID=\"http://schemas.microsoft.com/sharepoint/v3\" StaticName=\"Title\" FromBaseType=\"TRUE\" MaxLength=\"255\" />"
                  },
                  {
                    "verb": "addSPFieldXml",
                    "schemaXml": "<Field ClientSideComponentId=\"00000000-0000-0000-0000-000000000000\" CustomFormatter=\"{&quot;elmType&quot;:&quot;div&quot;,&quot;style&quot;:{&quot;flex-wrap&quot;:&quot;wrap&quot;,&quot;display&quot;:&quot;flex&quot;},&quot;children&quot;:[{&quot;elmType&quot;:&quot;div&quot;,&quot;style&quot;:{&quot;box-sizing&quot;:&quot;border-box&quot;,&quot;padding&quot;:&quot;4px 8px 5px 8px&quot;,&quot;overflow&quot;:&quot;hidden&quot;,&quot;text-overflow&quot;:&quot;ellipsis&quot;,&quot;display&quot;:&quot;flex&quot;,&quot;border-radius&quot;:&quot;16px&quot;,&quot;height&quot;:&quot;24px&quot;,&quot;align-items&quot;:&quot;center&quot;,&quot;white-space&quot;:&quot;nowrap&quot;,&quot;margin&quot;:&quot;4px 4px 4px 4px&quot;},&quot;attributes&quot;:{&quot;class&quot;:{&quot;operator&quot;:&quot;:&quot;,&quot;operands&quot;:[{&quot;operator&quot;:&quot;==&quot;,&quot;operands&quot;:[&quot;[$Country]&quot;,&quot;USA&quot;]},&quot;sp-css-backgroundColor-BgCornflowerBlue sp-css-color-CornflowerBlueFont&quot;,{&quot;operator&quot;:&quot;:&quot;,&quot;operands&quot;:[{&quot;operator&quot;:&quot;==&quot;,&quot;operands&quot;:[&quot;[$Country]&quot;,&quot;United Kingdom&quot;]},&quot;sp-css-backgroundColor-BgMintGreen sp-css-color-MintGreenFont&quot;,{&quot;operator&quot;:&quot;:&quot;,&quot;operands&quot;:[{&quot;operator&quot;:&quot;==&quot;,&quot;operands&quot;:[&quot;[$Country]&quot;,&quot;Italy&quot;]},&quot;sp-css-backgroundColor-BgGold sp-css-color-GoldFont&quot;,{&quot;operator&quot;:&quot;:&quot;,&quot;operands&quot;:[{&quot;operator&quot;:&quot;==&quot;,&quot;operands&quot;:[&quot;[$Country]&quot;,&quot;&quot;]},&quot;&quot;,{&quot;operator&quot;:&quot;:&quot;,&quot;operands&quot;:[{&quot;operator&quot;:&quot;==&quot;,&quot;operands&quot;:[&quot;[$Country]&quot;,&quot;Switzerland&quot;]},&quot;sp-css-backgroundColor-BgCoral sp-css-color-CoralFont&quot;,{&quot;operator&quot;:&quot;:&quot;,&quot;operands&quot;:[{&quot;operator&quot;:&quot;==&quot;,&quot;operands&quot;:[&quot;[$Country]&quot;,&quot;France&quot;]},&quot;sp-css-backgroundColor-BgDustRose sp-css-color-DustRoseFont&quot;,{&quot;operator&quot;:&quot;:&quot;,&quot;operands&quot;:[{&quot;operator&quot;:&quot;==&quot;,&quot;operands&quot;:[&quot;[$Country]&quot;,&quot;Germany&quot;]},&quot;sp-css-backgroundColor-BgCyan sp-field-fontSizeSmall sp-css-color-CyanFont&quot;,&quot;sp-field-borderAllRegular sp-field-borderAllSolid sp-css-borderColor-neutralSecondary&quot;]}]}]}]}]}]}]}},&quot;children&quot;:[{&quot;elmType&quot;:&quot;span&quot;,&quot;style&quot;:{&quot;overflow&quot;:&quot;hidden&quot;,&quot;text-overflow&quot;:&quot;ellipsis&quot;,&quot;padding&quot;:&quot;0 3px&quot;},&quot;txtContent&quot;:&quot;[$Country]&quot;,&quot;attributes&quot;:{&quot;class&quot;:{&quot;operator&quot;:&quot;:&quot;,&quot;operands&quot;:[{&quot;operator&quot;:&quot;==&quot;,&quot;operands&quot;:[&quot;[$Country]&quot;,&quot;USA&quot;]},&quot;sp-css-color-CornflowerBlueFont&quot;,{&quot;operator&quot;:&quot;:&quot;,&quot;operands&quot;:[{&quot;operator&quot;:&quot;==&quot;,&quot;operands&quot;:[&quot;[$Country]&quot;,&quot;United Kingdom&quot;]},&quot;sp-css-color-MintGreenFont&quot;,{&quot;operator&quot;:&quot;:&quot;,&quot;operands&quot;:[{&quot;operator&quot;:&quot;==&quot;,&quot;operands&quot;:[&quot;[$Country]&quot;,&quot;Italy&quot;]},&quot;sp-css-color-GoldFont&quot;,{&quot;operator&quot;:&quot;:&quot;,&quot;operands&quot;:[{&quot;operator&quot;:&quot;==&quot;,&quot;operands&quot;:[&quot;[$Country]&quot;,&quot;&quot;]},&quot;&quot;,{&quot;operator&quot;:&quot;:&quot;,&quot;operands&quot;:[{&quot;operator&quot;:&quot;==&quot;,&quot;operands&quot;:[&quot;[$Country]&quot;,&quot;Switzerland&quot;]},&quot;sp-css-color-CoralFont&quot;,{&quot;operator&quot;:&quot;:&quot;,&quot;operands&quot;:[{&quot;operator&quot;:&quot;==&quot;,&quot;operands&quot;:[&quot;[$Country]&quot;,&quot;France&quot;]},&quot;sp-css-color-DustRoseFont&quot;,{&quot;operator&quot;:&quot;:&quot;,&quot;operands&quot;:[{&quot;operator&quot;:&quot;==&quot;,&quot;operands&quot;:[&quot;[$Country]&quot;,&quot;Germany&quot;]},&quot;sp-field-fontSizeSmall sp-css-color-CyanFont&quot;,&quot;&quot;]}]}]}]}]}]}]}}}]}],&quot;templateId&quot;:&quot;BgColorChoicePill&quot;}\" DisplayName=\"Country\" FillInChoice=\"FALSE\" Format=\"Dropdown\" Name=\"Country\" Title=\"Country\" Type=\"Choice\" ID=\"{36c15c6b-0837-486a-bb9f-2d4a6864174c}\" StaticName=\"Country\"><CHOICES><CHOICE>USA</CHOICE><CHOICE>United Kingdom</CHOICE><CHOICE>Italy</CHOICE><CHOICE>Switzerland</CHOICE><CHOICE>France</CHOICE><CHOICE>Germany</CHOICE></CHOICES></Field>"
                  },
                  {
                    "verb": "addSPFieldXml",
                    "schemaXml": "<Field ID=\"{82642ec8-ef9b-478f-acf9-31f7d45fbc31}\" ReadOnly=\"TRUE\" Type=\"Computed\" Name=\"LinkTitle\" DisplayName=\"Brand\" DisplayNameSrcField=\"Title\" ClassInfo=\"Menu\" AuthoringInfo=\"(linked to item with edit menu)\" ListItemMenuAllowed=\"Required\" LinkToItemAllowed=\"Prohibited\" SourceID=\"http://schemas.microsoft.com/sharepoint/v3\" StaticName=\"LinkTitle\" FromBaseType=\"TRUE\"><FieldRefs><FieldRef Name=\"Title\" /><FieldRef Name=\"LinkTitleNoMenu\" /><FieldRef Name=\"_EditMenuTableStart2\" /><FieldRef Name=\"_EditMenuTableEnd\" /></FieldRefs><DisplayPattern><FieldSwitch><Expr><GetVar Name=\"FreeForm\" /></Expr><Case Value=\"TRUE\"><Field Name=\"LinkTitleNoMenu\" /></Case><Default><HTML><![CDATA[<div class=\"ms-vb itx\" onmouseover=\"OnItem(this)\" CTXName=\"ctx]]></HTML><Field Name=\"_EditMenuTableStart2\" /><HTML><![CDATA[\">]]></HTML><Field Name=\"LinkTitleNoMenu\" /><HTML><![CDATA[</div>]]></HTML><HTML><![CDATA[<div class=\"s4-ctx\" onmouseover=\"OnChildItem(this.parentNode); return false;\">]]></HTML><HTML><![CDATA[<span>&nbsp;</span>]]></HTML><HTML><![CDATA[<a onfocus=\"OnChildItem(this.parentNode.parentNode); return false;\" onclick=\"PopMenuFromChevron(event); return false;\" href=\"javascript:;\" title=\"Open Menu\"></a>]]></HTML><HTML><![CDATA[<span>&nbsp;</span>]]></HTML><HTML><![CDATA[</div>]]></HTML></Default></FieldSwitch></DisplayPattern></Field>"
                  },
                  {
                    "verb": "addContentType",
                    "name": "Item",
                    "id": "0x01",
                    "fieldRefsXml": [
                      "<FieldRef ID=\"{fa564e0f-0c70-4ab9-b863-0177e6ddd247}\" Name=\"Title\" />",
                      "<FieldRef ID=\"{82642ec8-ef9b-478f-acf9-31f7d45fbc31}\" Name=\"LinkTitle\" DisplayName=\"Brand\" ReadOnly=\"TRUE\" />",
                      "<FieldRef ID=\"{36c15c6b-0837-486a-bb9f-2d4a6864174c}\" Name=\"Country\" DisplayName=\"Country\" Format=\"Dropdown\" />"
                    ]
                  },
                  {
                    "verb": "addContentType",
                    "name": "Folder",
                    "id": "0x0120"
                  },
                  {
                    "verb": "addSPView",
                    "name": "All Items",
                    "viewFields": [
                      "LinkTitle",
                      "Country"
                    ],
                    "query": "",
                    "rowLimit": 30,
                    "isPaged": true,
                    "makeDefault": true,
                    "replaceViewFields": true
                  }
                ]
              },
              {
                "verb": "createSPList",
                "listName": "[[LBike_specs0002_listName]]",
                "templateType": 100,
                "color": "[[LBike_specs0002_color]]",
                "icon": "[[LBike_specs0002_icon]]",
                "addNavLink": "[[LBike_specs0002_addNavLink]]",
                "description": "[[LBike_specs0002_description]]",
                "identity": "LBike_specs0002",
                "subactions": [
                  {
                    "verb": "addSPFieldXml",
                    "schemaXml": "<Field ID=\"{fa564e0f-0c70-4ab9-b863-0177e6ddd247}\" Type=\"Text\" Name=\"Title\" DisplayName=\"Title\" Required=\"FALSE\" SourceID=\"http://schemas.microsoft.com/sharepoint/v3\" StaticName=\"Title\" FromBaseType=\"TRUE\" MaxLength=\"255\" />"
                  },
                  {
                    "verb": "addSPLookupFieldXml",
                    "schemaXml": "<Field DisplayName=\"Brand\" Format=\"Dropdown\" Indexed=\"FALSE\" IsModern=\"TRUE\" IsRelationship=\"FALSE\" Name=\"Brand\" ShowField=\"Title\" Title=\"Brand\" Type=\"Lookup\" ID=\"{e4cb1086-ca68-4536-bae5-09023d057ae4}\" StaticName=\"Brand\" />",
                    "targetListName": "Bike brands"
                  },
                  {
                    "verb": "addSPFieldXml",
                    "schemaXml": "<Field CommaSeparator=\"TRUE\" CustomUnitOnRight=\"TRUE\" Decimals=\"2\" DisplayName=\"Weight\" Format=\"Dropdown\" IsModern=\"TRUE\" Name=\"Weight\" Percentage=\"FALSE\" Title=\"Weight\" Type=\"Number\" Unit=\"None\" ID=\"{19543869-ca60-4e31-a5b7-bbb11974a364}\" StaticName=\"Weight\" />"
                  },
                  {
                    "verb": "addSPFieldXml",
                    "schemaXml": "<Field ClientSideComponentId=\"00000000-0000-0000-0000-000000000000\" CommaSeparator=\"TRUE\" CustomUnitOnRight=\"TRUE\" Decimals=\"2\" DisplayName=\"Price Per Day\" Format=\"Dropdown\" Name=\"PricePerDay\" Percentage=\"FALSE\" Title=\"Price Per Day\" Type=\"Number\" Unit=\"None\" ID=\"{c1cb5fd1-997b-49b8-bacc-b74f1cc7a0c8}\" StaticName=\"PricePerDay\" />"
                  },
                  {
                    "verb": "addSPFieldXml",
                    "schemaXml": "<Field CustomFormatter=\"{&quot;elmType&quot;:&quot;div&quot;,&quot;style&quot;:{&quot;flex-wrap&quot;:&quot;wrap&quot;,&quot;display&quot;:&quot;flex&quot;},&quot;children&quot;:[{&quot;elmType&quot;:&quot;div&quot;,&quot;style&quot;:{&quot;box-sizing&quot;:&quot;border-box&quot;,&quot;padding&quot;:&quot;4px 8px 5px 8px&quot;,&quot;overflow&quot;:&quot;hidden&quot;,&quot;text-overflow&quot;:&quot;ellipsis&quot;,&quot;display&quot;:&quot;flex&quot;,&quot;border-radius&quot;:&quot;16px&quot;,&quot;height&quot;:&quot;24px&quot;,&quot;align-items&quot;:&quot;center&quot;,&quot;white-space&quot;:&quot;nowrap&quot;,&quot;margin&quot;:&quot;4px 4px 4px 4px&quot;},&quot;attributes&quot;:{&quot;class&quot;:{&quot;operator&quot;:&quot;:&quot;,&quot;operands&quot;:[{&quot;operator&quot;:&quot;==&quot;,&quot;operands&quot;:[&quot;@currentField&quot;,&quot;Available&quot;]},&quot;sp-css-backgroundColor-BgMintGreen sp-field-fontSizeSmall sp-css-color-MintGreenFont&quot;,{&quot;operator&quot;:&quot;:&quot;,&quot;operands&quot;:[{&quot;operator&quot;:&quot;==&quot;,&quot;operands&quot;:[&quot;@currentField&quot;,&quot;Booked&quot;]},&quot;sp-css-backgroundColor-BgCornflowerBlue sp-field-fontSizeSmall sp-css-color-CornflowerBlueFont&quot;,{&quot;operator&quot;:&quot;:&quot;,&quot;operands&quot;:[{&quot;operator&quot;:&quot;==&quot;,&quot;operands&quot;:[&quot;@currentField&quot;,&quot;Rented&quot;]},&quot;sp-css-backgroundColor-BgGold sp-field-fontSizeSmall sp-css-color-GoldFont&quot;,{&quot;operator&quot;:&quot;:&quot;,&quot;operands&quot;:[{&quot;operator&quot;:&quot;==&quot;,&quot;operands&quot;:[&quot;@currentField&quot;,&quot;&quot;]},&quot;&quot;,{&quot;operator&quot;:&quot;:&quot;,&quot;operands&quot;:[{&quot;operator&quot;:&quot;==&quot;,&quot;operands&quot;:[&quot;@currentField&quot;,&quot;Maintenance&quot;]},&quot;sp-css-backgroundColor-BgCoral sp-field-fontSizeSmall sp-css-color-CoralFont&quot;,&quot;sp-field-borderAllRegular sp-field-borderAllSolid sp-css-borderColor-neutralSecondary&quot;]}]}]}]}]}},&quot;children&quot;:[{&quot;elmType&quot;:&quot;span&quot;,&quot;style&quot;:{&quot;overflow&quot;:&quot;hidden&quot;,&quot;text-overflow&quot;:&quot;ellipsis&quot;,&quot;padding&quot;:&quot;0 3px&quot;},&quot;txtContent&quot;:&quot;@currentField&quot;,&quot;attributes&quot;:{&quot;class&quot;:{&quot;operator&quot;:&quot;:&quot;,&quot;operands&quot;:[{&quot;operator&quot;:&quot;==&quot;,&quot;operands&quot;:[&quot;@currentField&quot;,&quot;Available&quot;]},&quot;sp-field-fontSizeSmall sp-css-color-MintGreenFont&quot;,{&quot;operator&quot;:&quot;:&quot;,&quot;operands&quot;:[{&quot;operator&quot;:&quot;==&quot;,&quot;operands&quot;:[&quot;@currentField&quot;,&quot;Booked&quot;]},&quot;sp-field-fontSizeSmall sp-css-color-CornflowerBlueFont&quot;,{&quot;operator&quot;:&quot;:&quot;,&quot;operands&quot;:[{&quot;operator&quot;:&quot;==&quot;,&quot;operands&quot;:[&quot;@currentField&quot;,&quot;Rented&quot;]},&quot;sp-field-fontSizeSmall sp-css-color-GoldFont&quot;,{&quot;operator&quot;:&quot;:&quot;,&quot;operands&quot;:[{&quot;operator&quot;:&quot;==&quot;,&quot;operands&quot;:[&quot;@currentField&quot;,&quot;&quot;]},&quot;&quot;,{&quot;operator&quot;:&quot;:&quot;,&quot;operands&quot;:[{&quot;operator&quot;:&quot;==&quot;,&quot;operands&quot;:[&quot;@currentField&quot;,&quot;Maintenance&quot;]},&quot;sp-field-fontSizeSmall sp-css-color-CoralFont&quot;,&quot;&quot;]}]}]}]}]}}}]}],&quot;rulesOrder&quot;:[1,0,2,3,4],&quot;templateId&quot;:&quot;BgColorChoicePill&quot;}\" DisplayName=\"Status\" FillInChoice=\"FALSE\" Format=\"Dropdown\" IsModern=\"TRUE\" Name=\"Status\" Title=\"Status\" Type=\"Choice\" ID=\"{06c82cba-8b49-41ad-adcb-938a81432534}\" StaticName=\"Status\"><CHOICES><CHOICE>Available</CHOICE><CHOICE>Booked</CHOICE><CHOICE>Rented</CHOICE><CHOICE>Maintenance</CHOICE></CHOICES></Field>"
                  },
                  {
                    "verb": "addSPFieldXml",
                    "schemaXml": "<Field ID=\"{82642ec8-ef9b-478f-acf9-31f7d45fbc31}\" ReadOnly=\"TRUE\" Type=\"Computed\" Name=\"LinkTitle\" DisplayName=\"Model\" DisplayNameSrcField=\"Title\" ClassInfo=\"Menu\" AuthoringInfo=\"(linked to item with edit menu)\" ListItemMenuAllowed=\"Required\" LinkToItemAllowed=\"Prohibited\" SourceID=\"http://schemas.microsoft.com/sharepoint/v3\" StaticName=\"LinkTitle\" FromBaseType=\"TRUE\"><FieldRefs><FieldRef Name=\"Title\" /><FieldRef Name=\"LinkTitleNoMenu\" /><FieldRef Name=\"_EditMenuTableStart2\" /><FieldRef Name=\"_EditMenuTableEnd\" /></FieldRefs><DisplayPattern><FieldSwitch><Expr><GetVar Name=\"FreeForm\" /></Expr><Case Value=\"TRUE\"><Field Name=\"LinkTitleNoMenu\" /></Case><Default><HTML><![CDATA[<div class=\"ms-vb itx\" onmouseover=\"OnItem(this)\" CTXName=\"ctx]]></HTML><Field Name=\"_EditMenuTableStart2\" /><HTML><![CDATA[\">]]></HTML><Field Name=\"LinkTitleNoMenu\" /><HTML><![CDATA[</div>]]></HTML><HTML><![CDATA[<div class=\"s4-ctx\" onmouseover=\"OnChildItem(this.parentNode); return false;\">]]></HTML><HTML><![CDATA[<span>&nbsp;</span>]]></HTML><HTML><![CDATA[<a onfocus=\"OnChildItem(this.parentNode.parentNode); return false;\" onclick=\"PopMenuFromChevron(event); return false;\" href=\"javascript:;\" title=\"Open Menu\"></a>]]></HTML><HTML><![CDATA[<span>&nbsp;</span>]]></HTML><HTML><![CDATA[</div>]]></HTML></Default></FieldSwitch></DisplayPattern></Field>"
                  },
                  {
                    "verb": "addContentType",
                    "name": "Item",
                    "id": "0x01",
                    "fieldRefsXml": [
                      "<FieldRef ID=\"{fa564e0f-0c70-4ab9-b863-0177e6ddd247}\" Name=\"Title\" />",
                      "<FieldRef ID=\"{82642ec8-ef9b-478f-acf9-31f7d45fbc31}\" Name=\"LinkTitle\" DisplayName=\"Model\" ReadOnly=\"TRUE\" />",
                      "<FieldRef ID=\"{e4cb1086-ca68-4536-bae5-09023d057ae4}\" Name=\"Brand\" />",
                      "<FieldRef ID=\"{19543869-ca60-4e31-a5b7-bbb11974a364}\" Name=\"Weight\" />",
                      "<FieldRef ID=\"{c1cb5fd1-997b-49b8-bacc-b74f1cc7a0c8}\" Name=\"PricePerDay\" DisplayName=\"Price Per Day\" Format=\"Dropdown\" />",
                      "<FieldRef ID=\"{06c82cba-8b49-41ad-adcb-938a81432534}\" Name=\"Status\" />"
                    ]
                  },
                  {
                    "verb": "addContentType",
                    "name": "Folder",
                    "id": "0x0120"
                  },
                  {
                    "verb": "addSPView",
                    "name": "All Items",
                    "viewFields": [
                      "LinkTitle",
                      "Brand",
                      "Weight",
                      "PricePerDay",
                      "Status",
                      "Attachments",
                      "Modified"
                    ],
                    "query": "",
                    "rowLimit": 30,
                    "isPaged": true,
                    "makeDefault": true,
                    "replaceViewFields": true
                  }
                ]
              },
              {
                "verb": "createSPList",
                "listName": "[[LBike_Pictures0001_listName]]",
                "templateType": 101,
                "color": "[[LBike_Pictures0001_color]]",
                "icon": "[[LBike_Pictures0001_icon]]",
                "addNavLink": "[[LBike_Pictures0001_addNavLink]]",
                "description": "[[LBike_Pictures0001_description]]",
                "identity": "LBike_Pictures0001",
                "subactions": [
                  {
                    "verb": "addSPFieldXml",
                    "schemaXml": "<Field ID=\"{08d89a66-4634-42b8-9d5a-0c27395a48b3}\" Type=\"Text\" Name=\"TriggerFlowInfo\" DisplayName=\"Trigger Flow Info\" DisplaceOnUpgrade=\"TRUE\" Hidden=\"TRUE\" ReadOnlyEnforced=\"FALSE\" ReadOnly=\"TRUE\" Required=\"FALSE\" SourceID=\"http://schemas.microsoft.com/sharepoint/v3\" StaticName=\"TriggerFlowInfo\" />"
                  },
                  {
                    "verb": "addSPLookupFieldXml",
                    "schemaXml": "<Field ClientSideComponentId=\"00000000-0000-0000-0000-000000000000\" DisplayName=\"Bike\" Format=\"Dropdown\" Indexed=\"FALSE\" Name=\"Bike\" ShowField=\"Title\" Title=\"Bike\" Type=\"Lookup\" ID=\"{32e76426-b89a-4cd1-b4e9-ca6926715501}\" StaticName=\"Bike\" />",
                    "targetListName": "Bike specs"
                  },
                  {
                    "verb": "addSPLookupFieldXml",
                    "schemaXml": "<Field ClientSideComponentId=\"00000000-0000-0000-0000-000000000000\" DisplayName=\"Bike: ID\" FieldRef=\"32e76426-b89a-4cd1-b4e9-ca6926715501\" Format=\"Dropdown\" IsModern=\"TRUE\" Name=\"Bike_x003a__x0020_ID\" ShowField=\"ID\" Title=\"Bike: ID\" Type=\"Lookup\" ID=\"{6ce86dc1-15e2-4b52-8482-ec2102ebf2e6}\" StaticName=\"Bike_x003a__x0020_ID\" ReadOnly=\"TRUE\" />",
                    "targetListName": "Bike specs"
                  },
                  {
                    "verb": "addSPFieldXml",
                    "schemaXml": "<Field ID=\"{321bc046-2178-49bd-893f-7aa4fd61d04e}\" ReadOnly=\"TRUE\" Type=\"Computed\" Name=\"PolicyDisabledUICapabilities\" DisplaceOnUpgrade=\"TRUE\" DisplayName=\"Actions Disabled by Policy\" Filterable=\"FALSE\" Sortable=\"FALSE\" Hidden=\"TRUE\" SourceID=\"http://schemas.microsoft.com/sharepoint/v3\" StaticName=\"PolicyDisabledUICapabilities\"><FieldRefs><FieldRef Name=\"FSObjType\" Key=\"Primary\" /><FieldRef Name=\"ID\" /></FieldRefs><DisplayPattern /></Field>"
                  },
                  {
                    "verb": "addContentType",
                    "name": "Folder",
                    "id": "0x0120"
                  },
                  {
                    "verb": "addSPView",
                    "name": "All Documents",
                    "viewFields": [
                      "DocIcon",
                      "LinkFilename",
                      "Modified",
                      "Editor",
                      "Bike",
                      "Bike_x003a__x0020_ID"
                    ],
                    "query": "<OrderBy><FieldRef Name=\"FileLeafRef\" /></OrderBy>",
                    "rowLimit": 30,
                    "isPaged": true,
                    "makeDefault": true,
                    "replaceViewFields": true
                  }
                ]
              }
            ],
            "bindings": {
              "LBike_Pictures0001_listName": {
                "source": "Input",
                "defaultValue": "Bike Pictures"
              },
              "LBike_Pictures0001_icon": {
                "source": "Input",
                "defaultValue": "2"
              },
              "LBike_Pictures0001_description": {
                "source": "Input",
                "defaultValue": ""
              },
              "LBike_Pictures0001_color": {
                "source": "Input",
                "defaultValue": "4"
              },
              "LBike_Pictures0001_addNavLink": {
                "source": "Input",
                "defaultValue": "true"
              },
              "LBike_specs0002_listName": {
                "source": "Input",
                "defaultValue": "Bike specs"
              },
              "LBike_specs0002_icon": {
                "source": "Input",
                "defaultValue": "3"
              },
              "LBike_specs0002_description": {
                "source": "Input",
                "defaultValue": ""
              },
              "LBike_specs0002_color": {
                "source": "Input",
                "defaultValue": "8"
              },
              "LBike_specs0002_addNavLink": {
                "source": "Input",
                "defaultValue": "true"
              },
              "LBike_brands0003_listName": {
                "source": "Input",
                "defaultValue": "Bike brands"
              },
              "LBike_brands0003_icon": {
                "source": "Input",
                "defaultValue": "3"
              },
              "LBike_brands0003_description": {
                "source": "Input",
                "defaultValue": ""
              },
              "LBike_brands0003_color": {
                "source": "Input",
                "defaultValue": "8"
              },
              "LBike_brands0003_addNavLink": {
                "source": "Input",
                "defaultValue": "true"
              }
            }
          }
        },
        "Send_an_HTTP_request_to_SharePoint": {
          "runAfter": {
            "JSON": [
              "Succeeded"
            ]
          },
          "metadata": {
            "operationMetadataId": "5b8023b3-4f55-4f83-a2f0-254708cade0d"
          },
          "type": "OpenApiConnection",
          "inputs": {
            "host": {
              "connectionName": "shared_sharepointonline",
              "operationId": "HttpRequest",
              "apiId": "/providers/Microsoft.PowerApps/apis/shared_sharepointonline"
            },
            "parameters": {
              "dataset": "@triggerBody()['text']",
              "parameters/method": "POST",
              "parameters/uri": "_api/Microsoft.Sharepoint.Utilities.WebTemplateExtensions.SiteScriptUtility.ExecuteTemplateScript()",
              "parameters/headers": {
                "Accept": "application/json;odata=verbose",
                "Content-Type": "application/json;odata=verbose"
              },
              "parameters/body": "{\"script\":\"@{ replace(replace(string(outputs('JSON')), '\"', '\\\"'), '\\\\', '\\\\\\')}\"}"
            },
            "authentication": {
              "type": "Raw",
              "value": "@json(decodeBase64(triggerOutputs().headers['X-MS-APIM-Tokens']))['$ConnectionKey']"
            }
          }
        }
      }
    },
    "templateName": null
  },
  "schemaVersion": "1.0.0.0"
}