{"name":"ac24411f-34cd-4939-9133-849f51986e06","id":"/providers/Microsoft.Flow/flows/ac24411f-34cd-4939-9133-849f51986e06","type":"Microsoft.Flow/flows","properties":{"apiId":"/providers/Microsoft.PowerApps/apis/shared_logicflows","displayName":"GetOneItem","definition":{"metadata":{"workflowEntityId":null,"processAdvisorMetadata":null,"flowclientsuspensionreason":"None","flowclientsuspensiontime":null,"creator":{"id":"f42b2965-dba3-4729-9c2d-d733b8916538","type":"User","tenantId":"c1fa53b6-644e-4729-9859-4e7ec3eb4ced"},"provisioningMethod":"FromDefinition","failureAlertSubscription":true,"clientLastModifiedTime":"2021-09-03T14:19:05.162762Z"},"$schema":"https://schema.management.azure.com/providers/Microsoft.Logic/schemas/2016-06-01/workflowdefinition.json#","contentVersion":"1.0.0.0","parameters":{"$authentication":{"defaultValue":{},"type":"SecureObject"}},"triggers":{"manual":{"type":"Request","kind":"Button","inputs":{"schema":{"type":"object","properties":{},"required":[]}}}},"actions":{"Init_varArray":{"runAfter":{},"type":"InitializeVariable","inputs":{"variables":[{"name":"varArray","type":"array","value":["A","B","C","D","E","F"]}]}},"Get_Item":{"runAfter":{"Init_varArray":["Succeeded"]},"type":"Compose","inputs":"@variables('varArray')?[rand(0,6)]","description":"variables('varArray')?[rand(0,6)]"}}},"connectionReferences":{},"flowFailureAlertSubscribed":false}}