{"name":"6b71a2fc-97ee-4bd4-a24f-a6111c1d01f4","id":"/providers/Microsoft.Flow/flows/6b71a2fc-97ee-4bd4-a24f-a6111c1d01f4","type":"Microsoft.Flow/flows","properties":{"apiId":"/providers/Microsoft.PowerApps/apis/shared_logicflows","displayName":"Working_with_Array_and_Rand_function","definition":{"metadata":{"workflowEntityId":null,"processAdvisorMetadata":null,"flowclientsuspensionreason":"None","flowclientsuspensiontime":null,"creator":{"id":"f42b2965-dba3-4729-9c2d-d733b8916538","type":"User","tenantId":"c1fa53b6-644e-4729-9859-4e7ec3eb4ced"},"provisioningMethod":"FromDefinition","failureAlertSubscription":true,"clientLastModifiedTime":"2021-09-02T18:21:14.3913074Z"},"$schema":"https://schema.management.azure.com/providers/Microsoft.Logic/schemas/2016-06-01/workflowdefinition.json#","contentVersion":"1.0.0.0","parameters":{"$authentication":{"defaultValue":{},"type":"SecureObject"}},"triggers":{"manual":{"type":"Request","kind":"Button","inputs":{"schema":{"type":"object","properties":{},"required":[]}}}},"actions":{"Init_varResults":{"runAfter":{"Init_varArray":["Succeeded"]},"type":"InitializeVariable","inputs":{"variables":[{"name":"varResults","type":"string"}]}},"Do_until":{"actions":{"Append_to_string_variable":{"runAfter":{},"type":"AppendToStringVariable","inputs":{"name":"varResults","value":"@{variables('varArray')?[rand(0,length(variables('varArray')))]} - "},"description":"variables('varArray')?[rand(0,length(variables('varArray')))]"}},"runAfter":{"Init_varResults":["Succeeded"]},"expression":"@equals(true, '')","limit":{"count":15},"type":"Until"},"Compose":{"runAfter":{"Do_until":["Succeeded"]},"type":"Compose","inputs":"@variables('varResults')"},"Init_varArray":{"runAfter":{},"type":"InitializeVariable","inputs":{"variables":[{"name":"varArray","type":"array","value":[2,6,1,8,3,7]}]}}}},"connectionReferences":{},"flowFailureAlertSubscribed":false}}