<environmentvariabledefinition schemaname="balticpp_ev_SPO_List_BPP_Wnioski">
  <apiid>/providers/microsoft.powerapps/apis/shared_sharepointonline</apiid>
  <displayname default="ev_SPO_List_BPP_Wnioski">
    <label description="ev_SPO_List_BPP_Wnioski" languagecode="1033" />
  </displayname>
  <introducedversion>0.0.0.1</introducedversion>
  <iscustomizable>1</iscustomizable>
  <isrequired>0</isrequired>
  <parameterkey>table</parameterkey>
  <parentdefinitionid>
    <schemaname>balticpp_SPO_Site_BPP_URL</schemaname>
  </parentdefinitionid>
  <secretstore>0</secretstore>
  <type>100000004</type>
</environmentvariabledefinition>