{"name":"dc414c9e-5230-40f1-bb8c-fc475d6ad499","id":"/providers/Microsoft.Flow/flows/dc414c9e-5230-40f1-bb8c-fc475d6ad499","type":"Microsoft.Flow/flows","properties":{"apiId":"/providers/Microsoft.PowerApps/apis/shared_logicflows","displayName":"Rand Function","definition":{"metadata":{"workflowEntityId":null,"processAdvisorMetadata":null,"flowclientsuspensionreason":"None","flowclientsuspensiontime":null,"creator":{"id":"f42b2965-dba3-4729-9c2d-d733b8916538","type":"User","tenantId":"c1fa53b6-644e-4729-9859-4e7ec3eb4ced"},"provisioningMethod":"FromDefinition","failureAlertSubscription":true,"clientLastModifiedTime":"2021-09-03T14:18:31.9288213Z"},"$schema":"https://schema.management.azure.com/providers/Microsoft.Logic/schemas/2016-06-01/workflowdefinition.json#","contentVersion":"1.0.0.0","parameters":{"$authentication":{"defaultValue":{},"type":"SecureObject"}},"triggers":{"manual":{"type":"Request","kind":"Button","inputs":{"schema":{"type":"object","properties":{},"required":[]}}}},"actions":{"Init_varResults":{"runAfter":{},"type":"InitializeVariable","inputs":{"variables":[{"name":"varResults","type":"string"}]}},"Do_until":{"actions":{"Append_to_string_variable":{"runAfter":{},"type":"AppendToStringVariable","inputs":{"name":"varResults","value":"- @{rand(1,7)} - "},"description":"rand(1,7)"}},"runAfter":{"Init_varResults":["Succeeded"]},"expression":"@equals(true, '')","limit":{"count":10},"type":"Until"},"Compose":{"runAfter":{"Do_until":["Succeeded"]},"type":"Compose","inputs":"@variables('varResults')"}}},"connectionReferences":{},"flowFailureAlertSubscribed":false}}