{
  "properties": {
    "connectionReferences": {
      "shared_sharepointonline": {
        "runtimeSource": "invoker",
        "connection": {
          "connectionReferenceLogicalName": "new_sharedsharepointonline_cd930"
        },
        "api": {
          "name": "shared_sharepointonline"
        }
      }
    },
    "definition": {
      "$schema": "https://schema.management.azure.com/providers/Microsoft.Logic/schemas/2016-06-01/workflowdefinition.json#",
      "contentVersion": "1.0.0.0",
      "parameters": {
        "$connections": {
          "defaultValue": {},
          "type": "Object"
        },
        "$authentication": {
          "defaultValue": {},
          "type": "SecureObject"
        },
        "SPO_Site_BPP_URL (balticpp_SPO_Site_BPP_URL)": {
          "defaultValue": "https://powerpdev.sharepoint.com/sites/Demos",
          "type": "String",
          "metadata": {
            "schemaName": "balticpp_SPO_Site_BPP_URL"
          }
        },
        "ev_CustomValueDemo (balticpp_ev_CustomValueDemo)": {
          "defaultValue": "DEV",
          "type": "String",
          "metadata": {
            "schemaName": "balticpp_ev_CustomValueDemo"
          }
        },
        "ev_SPO_List_BPP_Wnioski (balticpp_ev_SPO_List_BPP_Wnioski)": {
          "defaultValue": "a88a1aca-0320-4c19-82f3-5a5c5bd64d30",
          "type": "String",
          "metadata": {
            "schemaName": "balticpp_ev_SPO_List_BPP_Wnioski"
          }
        }
      },
      "triggers": {
        "manual": {
          "metadata": {
            "operationMetadataId": "5a4daf8f-79d6-4d8a-bb94-dd2c4975c043"
          },
          "type": "Request",
          "kind": "Button",
          "inputs": {
            "schema": {
              "type": "object",
              "properties": {
                "number": {
                  "title": "Rounds",
                  "type": "number",
                  "x-ms-dynamically-added": true,
                  "description": "Please enter a number",
                  "x-ms-content-hint": "NUMBER"
                }
              },
              "required": [
                "number"
              ]
            }
          }
        }
      },
      "actions": {
        "Do_until": {
          "actions": {
            "Create_item": {
              "runAfter": {},
              "metadata": {
                "operationMetadataId": "187b9511-7344-432e-9eda-95941d0516ad"
              },
              "type": "OpenApiConnection",
              "inputs": {
                "host": {
                  "connectionName": "shared_sharepointonline",
                  "operationId": "PostItem",
                  "apiId": "/providers/Microsoft.PowerApps/apis/shared_sharepointonline"
                },
                "parameters": {
                  "dataset": "@parameters('SPO_Site_BPP_URL (balticpp_SPO_Site_BPP_URL)')",
                  "table": "@parameters('ev_SPO_List_BPP_Wnioski (balticpp_ev_SPO_List_BPP_Wnioski)')",
                  "item/Title": "@{rand(0,triggerBody()['number'])} - @{parameters('ev_CustomValueDemo (balticpp_ev_CustomValueDemo)')}",
                  "item/Status/Value": "Nowy"
                },
                "authentication": {
                  "type": "Raw",
                  "value": "@json(decodeBase64(triggerOutputs().headers['X-MS-APIM-Tokens']))['$ConnectionKey']"
                }
              }
            }
          },
          "runAfter": {},
          "expression": "@equals(true, false)",
          "limit": {
            "count": "@triggerBody()['number']"
          },
          "metadata": {
            "operationMetadataId": "e06345fd-4c04-4528-8b46-69e5ec9e7e47"
          },
          "type": "Until"
        }
      }
    },
    "templateName": ""
  },
  "schemaVersion": "1.0.0.0"
}