{"name":"9d76bbdf-4d64-49c4-8810-e396e5e3d524","id":"/providers/Microsoft.Flow/flows/9d76bbdf-4d64-49c4-8810-e396e5e3d524","type":"Microsoft.Flow/flows","properties":{"apiId":"/providers/Microsoft.PowerApps/apis/shared_logicflows","displayName":"Apply_SiteDesigns_WithErrorHandling","definition":{"metadata":{"workflowEntityId":null,"processAdvisorMetadata":null,"flowclientsuspensionreason":"None","flowclientsuspensiontime":null,"creator":{"id":"f42b2965-dba3-4729-9c2d-d733b8916538","type":"User","tenantId":"c1fa53b6-644e-4729-9859-4e7ec3eb4ced"},"provisioningMethod":"FromDefinition","failureAlertSubscription":true,"clientLastModifiedTime":"2021-10-14T07:29:05.9924801Z"},"$schema":"https://schema.management.azure.com/providers/Microsoft.Logic/schemas/2016-06-01/workflowdefinition.json#","contentVersion":"1.0.0.0","parameters":{"$connections":{"defaultValue":{},"type":"Object"},"$authentication":{"defaultValue":{},"type":"SecureObject"}},"triggers":{"manual":{"type":"Request","kind":"Button","inputs":{"schema":{"type":"object","properties":{"text":{"title":"SiteAddress","type":"string","x-ms-dynamically-added":true,"description":"Add here URL to which you want to apply site design","x-ms-content-hint":"TEXT"},"text_1":{"title":"SiteDesignID","type":"string","x-ms-dynamically-added":true,"description":"Site Dessign (site template) ID (GUID)","x-ms-content-hint":"TEXT"}},"required":["text","text_1"]}}}},"actions":{"Send_an_HTTP_request_to_SharePoint":{"runAfter":{},"type":"OpenApiConnection","inputs":{"host":{"apiId":"/providers/Microsoft.PowerApps/apis/shared_sharepointonline","connectionName":"shared_sharepointonline","operationId":"HttpRequest"},"parameters":{"dataset":"@triggerBody()['text']","parameters/method":"POST","parameters/uri":"_api/Microsoft.SharePoint.Utilities.WebTemplateExtensions.SiteScriptUtility.ApplySiteDesign","parameters/body":"{\n'siteDesignId': '@{triggerBody()['text_1']}',\n'webUrl':'@{triggerBody()['text']}'\n}"},"authentication":{"value":"@json(decodeBase64(triggerOutputs().headers['X-MS-APIM-Tokens']))['$ConnectionKey']","type":"Raw"}}},"Init_varResults":{"runAfter":{"Send_an_HTTP_request_to_SharePoint":["Succeeded"]},"type":"InitializeVariable","inputs":{"variables":[{"name":"varResults","type":"array","value":"@array(outputs('Send_an_HTTP_request_to_SharePoint')?['body']?['d']?['ApplySiteDesign']?['results'])"}]}},"GetOnlyErrors":{"runAfter":{"Init_varResults":["Succeeded"]},"type":"Query","inputs":{"from":"@variables('varResults')","where":"@not(equals(item()?['ErrorCode'], 0))"}},"Condition":{"actions":{"Select":{"runAfter":{},"type":"Select","inputs":{"from":"@body('GetOnlyErrors')","select":{"ErrorCode":"@item()?['ErrorCode']","Title":"@item()?['Title']","OutcomeText":"@item()?['OutcomeText']"}}},"Create_HTML_table":{"runAfter":{"Select":["Succeeded"]},"type":"Table","inputs":{"from":"@body('Select')","format":"HTML"}},"Send_an_email_(V2)":{"runAfter":{"Create_HTML_table":["Succeeded"]},"type":"OpenApiConnection","inputs":{"host":{"apiId":"/providers/Microsoft.PowerApps/apis/shared_office365","connectionName":"shared_office365","operationId":"SendEmailV2"},"parameters":{"emailMessage/To":"Admin@powerpdev.onmicrosoft.com","emailMessage/Subject":"Testing Error handling for Site Design execution errors","emailMessage/Body":"@{body('Create_HTML_table')}\n<br><br>\n<a href=https://unitedkingdom.flow.microsoft.com/manage/environments/@{workflow()['tags']['environmentName']}/flows/@{workflow()['name']}/runs/@{workflow()?['run']?['name']}>Open flow @{workflow()['tags']['flowDisplayName']}</a>\n"},"authentication":{"value":"@json(decodeBase64(triggerOutputs().headers['X-MS-APIM-Tokens']))['$ConnectionKey']","type":"Raw"}}}},"runAfter":{"GetOnlyErrors":["Succeeded"]},"expression":{"equals":["@empty(body('GetOnlyErrors'))","@false"]},"type":"If","description":"empty(body('GetOnlyErrors'))"}}},"connectionReferences":{"shared_sharepointonline":{"connectionName":"shared-sharepointonl-52ed5de5-ad09-43b9-93ca-9c5b-00abc7d7","source":"Invoker","id":"/providers/Microsoft.PowerApps/apis/shared_sharepointonline","tier":"NotSpecified"},"shared_office365":{"connectionName":"shared-office365-9b752cfc-bfc9-448d-b6f7-8dca-09875bc3","source":"Invoker","id":"/providers/Microsoft.PowerApps/apis/shared_office365","tier":"NotSpecified"}},"flowFailureAlertSubscribed":false}}