{"name":"c015fd7b-2bf9-4494-9ed6-0bb8ea71916c","id":"/providers/Microsoft.Flow/flows/c015fd7b-2bf9-4494-9ed6-0bb8ea71916c","type":"Microsoft.Flow/flows","properties":{"apiId":"/providers/Microsoft.PowerApps/apis/shared_logicflows","displayName":"Get unique items","definition":{"metadata":{"workflowEntityId":null,"processAdvisorMetadata":null,"flowclientsuspensionreason":"None","flowclientsuspensiontime":null,"creator":{"id":"f42b2965-dba3-4729-9c2d-d733b8916538","type":"User","tenantId":"c1fa53b6-644e-4729-9859-4e7ec3eb4ced"},"provisioningMethod":"FromDefinition","failureAlertSubscription":true,"clientLastModifiedTime":"2021-09-03T07:34:08.6018278Z"},"$schema":"https://schema.management.azure.com/providers/Microsoft.Logic/schemas/2016-06-01/workflowdefinition.json#","contentVersion":"1.0.0.0","parameters":{"$authentication":{"defaultValue":{},"type":"SecureObject"}},"triggers":{"manual":{"type":"Request","kind":"Button","inputs":{"schema":{"type":"object","properties":{"number":{"title":"NumberOfItems","type":"number","x-ms-dynamically-added":true,"description":"Please enter a number of items to be selected","x-ms-content-hint":"NUMBER"}},"required":["number"]}}}},"actions":{"Init_varResults":{"runAfter":{"Init_varArray":["Succeeded"]},"type":"InitializeVariable","inputs":{"variables":[{"name":"varResults","type":"string"}]}},"Do_until":{"actions":{"Append_to_string_variable":{"runAfter":{"GetItem":["Succeeded"]},"type":"AppendToStringVariable","inputs":{"name":"varResults","value":"@{outputs('GetItem')} -"},"description":"variables('varArray')?[rand(0,length(variables('varArray')))]"},"Filter_array":{"runAfter":{"Append_to_string_variable":["Succeeded"]},"type":"Query","inputs":{"from":"@variables('varArray')","where":"@not(equals(item(), outputs('GetItem')))"}},"GetItem":{"runAfter":{},"type":"Compose","inputs":"@variables('varArray')?[rand(0,length(variables('varArray')))]"},"Set_variable":{"runAfter":{"Filter_array":["Succeeded"]},"type":"SetVariable","inputs":{"name":"varArray","value":"@body('Filter_array')"}}},"runAfter":{"Init_varResults":["Succeeded"]},"expression":"@equals(true, '')","limit":{"count":"@triggerBody()['number']"},"type":"Until"},"Compose":{"runAfter":{"Do_until":["Succeeded"]},"type":"Compose","inputs":"@variables('varResults')"},"Init_varArray":{"runAfter":{},"type":"InitializeVariable","inputs":{"variables":[{"name":"varArray","type":"array","value":[2,6,1,8,3,7]}]}}}},"connectionReferences":{},"flowFailureAlertSubscribed":false}}